timestamp,pair,base,quote,rate,pip_value,name
2025-10-21T14:11:34.452822,EUR/USD,EUR,USD,1.16,0.0001,Euro / US Dollar
2025-10-21T14:11:35.574043,GBP/USD,GBP,USD,1.34,0.0001,British Pound / US Dollar
2025-10-21T14:11:36.805985,USD/JPY,USD,JPY,150.7,0.01,US Dollar / Japanese Yen
2025-10-21T14:11:37.950765,USD/CHF,USD,CHF,0.793,0.0001,US Dollar / Swiss Franc
2025-10-21T14:11:39.155882,AUD/USD,AUD,USD,0.651,0.0001,Australian Dollar / US Dollar
2025-10-21T14:11:40.273528,USD/CAD,USD,CAD,1.4,0.0001,US Dollar / Canadian Dollar
2025-10-21T14:11:41.401507,NZD/USD,NZD,USD,0.574,0.0001,New Zealand Dollar / US Dollar
2025-10-21T14:11:42.519238,EUR/GBP,EUR,GBP,0.869,0.0001,Euro / British Pound
2025-10-21T14:11:43.641417,EUR/JPY,EUR,JPY,175.58,0.01,Euro / Japanese Yen
2025-10-21T14:11:44.775644,GBP/JPY,GBP,JPY,202.1,0.01,British Pound / Japanese Yen
2025-10-21T14:12:45.928141,EUR/USD,EUR,USD,1.16,0.0001,Euro / US Dollar
2025-10-21T14:12:47.049505,GBP/USD,GBP,USD,1.34,0.0001,British Pound / US Dollar
2025-10-21T14:12:48.197639,USD/JPY,USD,JPY,150.7,0.01,US Dollar / Japanese Yen
2025-10-21T14:12:49.320949,USD/CHF,USD,CHF,0.793,0.0001,US Dollar / Swiss Franc
2025-10-21T14:12:50.495687,AUD/USD,AUD,USD,0.651,0.0001,Australian Dollar / US Dollar
2025-10-21T14:12:51.662919,USD/CAD,USD,CAD,1.4,0.0001,US Dollar / Canadian Dollar
2025-10-21T14:12:52.891712,NZD/USD,NZD,USD,0.574,0.0001,New Zealand Dollar / US Dollar
2025-10-21T14:12:54.004428,EUR/GBP,EUR,GBP,0.869,0.0001,Euro / British Pound
2025-10-21T14:12:55.127267,EUR/JPY,EUR,JPY,175.58,0.01,Euro / Japanese Yen
2025-10-21T14:12:56.368880,GBP/JPY,GBP,JPY,202.1,0.01,British Pound / Japanese Yen
2025-10-21T14:13:57.520920,EUR/USD,EUR,USD,1.16,0.0001,Euro / US Dollar
2025-10-21T14:13:58.736954,GBP/USD,GBP,USD,1.34,0.0001,British Pound / US Dollar
2025-10-21T14:13:59.965160,USD/JPY,USD,JPY,150.7,0.01,US Dollar / Japanese Yen
2025-10-21T14:14:01.196068,USD/CHF,USD,CHF,0.793,0.0001,US Dollar / Swiss Franc
2025-10-21T14:14:02.312060,AUD/USD,AUD,USD,0.651,0.0001,Australian Dollar / US Dollar
2025-10-21T14:14:03.530157,USD/CAD,USD,CAD,1.4,0.0001,US Dollar / Canadian Dollar
2025-10-21T14:14:04.675100,NZD/USD,NZD,USD,0.574,0.0001,New Zealand Dollar / US Dollar
2025-10-21T14:14:05.887732,EUR/GBP,EUR,GBP,0.869,0.0001,Euro / British Pound
2025-10-21T14:14:07.236982,EUR/JPY,EUR,JPY,175.58,0.01,Euro / Japanese Yen
2025-10-21T14:14:08.352545,GBP/JPY,GBP,JPY,202.1,0.01,British Pound / Japanese Yen
2025-10-21T14:15:09.590579,EUR/USD,EUR,USD,1.16,0.0001,Euro / US Dollar
2025-10-21T14:15:10.713252,GBP/USD,GBP,USD,1.34,0.0001,British Pound / US Dollar
2025-10-21T14:15:11.936227,USD/JPY,USD,JPY,150.7,0.01,US Dollar / Japanese Yen
2025-10-21T14:15:13.184247,USD/CHF,USD,CHF,0.793,0.0001,US Dollar / Swiss Franc
2025-10-21T14:15:14.394046,AUD/USD,AUD,USD,0.651,0.0001,Australian Dollar / US Dollar
2025-10-21T14:15:15.540390,USD/CAD,USD,CAD,1.4,0.0001,US Dollar / Canadian Dollar
2025-10-21T14:15:16.664020,NZD/USD,NZD,USD,0.574,0.0001,New Zealand Dollar / US Dollar
2025-10-21T14:15:17.874843,EUR/GBP,EUR,GBP,0.869,0.0001,Euro / British Pound
2025-10-21T14:15:19.020208,EUR/JPY,EUR,JPY,175.58,0.01,Euro / Japanese Yen
2025-10-21T14:15:20.248992,GBP/JPY,GBP,JPY,202.1,0.01,British Pound / Japanese Yen
2025-10-21T14:16:21.378158,EUR/USD,EUR,USD,1.16,0.0001,Euro / US Dollar
2025-10-21T14:16:22.610041,GBP/USD,GBP,USD,1.34,0.0001,British Pound / US Dollar
2025-10-21T14:16:23.742233,USD/JPY,USD,JPY,150.7,0.01,US Dollar / Japanese Yen
2025-10-21T14:16:24.948580,USD/CHF,USD,CHF,0.793,0.0001,US Dollar / Swiss Franc
2025-10-21T14:16:26.051393,AUD/USD,AUD,USD,0.651,0.0001,Australian Dollar / US Dollar
2025-10-21T14:16:27.217891,USD/CAD,USD,CAD,1.4,0.0001,US Dollar / Canadian Dollar
2025-10-21T14:16:28.435196,NZD/USD,NZD,USD,0.574,0.0001,New Zealand Dollar / US Dollar
2025-10-21T14:16:29.604961,EUR/GBP,EUR,GBP,0.869,0.0001,Euro / British Pound
2025-10-21T14:16:30.801729,EUR/JPY,EUR,JPY,175.58,0.01,Euro / Japanese Yen
2025-10-21T14:16:31.925770,GBP/JPY,GBP,JPY,202.1,0.01,British Pound / Japanese Yen
2025-10-21T14:17:33.166074,EUR/USD,EUR,USD,1.16,0.0001,Euro / US Dollar
2025-10-21T14:17:34.373295,GBP/USD,GBP,USD,1.34,0.0001,British Pound / US Dollar
2025-10-21T14:17:35.504668,USD/JPY,USD,JPY,150.7,0.01,US Dollar / Japanese Yen
2025-10-21T14:17:36.633303,USD/CHF,USD,CHF,0.793,0.0001,US Dollar / Swiss Franc
2025-10-21T14:17:37.822478,AUD/USD,AUD,USD,0.651,0.0001,Australian Dollar / US Dollar
2025-10-21T14:17:39.014468,USD/CAD,USD,CAD,1.4,0.0001,US Dollar / Canadian Dollar
2025-10-21T14:17:40.230170,NZD/USD,NZD,USD,0.574,0.0001,New Zealand Dollar / US Dollar
2025-10-21T14:17:41.389912,EUR/GBP,EUR,GBP,0.869,0.0001,Euro / British Pound
2025-10-21T14:17:42.521804,EUR/JPY,EUR,JPY,175.58,0.01,Euro / Japanese Yen
2025-10-21T14:17:43.631804,GBP/JPY,GBP,JPY,202.1,0.01,British Pound / Japanese Yen
2025-10-21T14:18:44.768594,EUR/USD,EUR,USD,1.16,0.0001,Euro / US Dollar
2025-10-21T14:18:45.901621,GBP/USD,GBP,USD,1.34,0.0001,British Pound / US Dollar
2025-10-21T14:18:47.100926,USD/JPY,USD,JPY,150.7,0.01,US Dollar / Japanese Yen
2025-10-21T14:18:48.312889,USD/CHF,USD,CHF,0.793,0.0001,US Dollar / Swiss Franc
2025-10-21T14:18:49.426690,AUD/USD,AUD,USD,0.651,0.0001,Australian Dollar / US Dollar
2025-10-21T14:18:50.552947,USD/CAD,USD,CAD,1.4,0.0001,US Dollar / Canadian Dollar
2025-10-21T14:18:51.702371,NZD/USD,NZD,USD,0.574,0.0001,New Zealand Dollar / US Dollar
2025-10-21T14:18:52.813391,EUR/GBP,EUR,GBP,0.869,0.0001,Euro / British Pound
2025-10-21T14:18:53.957685,EUR/JPY,EUR,JPY,175.58,0.01,Euro / Japanese Yen
2025-10-21T14:18:55.090102,GBP/JPY,GBP,JPY,202.1,0.01,British Pound / Japanese Yen
2025-10-21T14:19:56.413691,EUR/USD,EUR,USD,1.16,0.0001,Euro / US Dollar
2025-10-21T14:19:57.547563,GBP/USD,GBP,USD,1.34,0.0001,British Pound / US Dollar
2025-10-21T14:19:58.676436,USD/JPY,USD,JPY,150.7,0.01,US Dollar / Japanese Yen
2025-10-21T14:19:59.905115,USD/CHF,USD,CHF,0.793,0.0001,US Dollar / Swiss Franc
2025-10-21T14:20:01.240752,AUD/USD,AUD,USD,0.651,0.0001,Australian Dollar / US Dollar
2025-10-21T14:20:02.445124,USD/CAD,USD,CAD,1.4,0.0001,US Dollar / Canadian Dollar
2025-10-21T14:20:03.582983,NZD/USD,NZD,USD,0.574,0.0001,New Zealand Dollar / US Dollar
2025-10-21T14:20:04.821397,EUR/GBP,EUR,GBP,0.869,0.0001,Euro / British Pound
2025-10-21T14:20:05.984165,EUR/JPY,EUR,JPY,175.58,0.01,Euro / Japanese Yen
2025-10-21T14:20:07.166675,GBP/JPY,GBP,JPY,202.1,0.01,British Pound / Japanese Yen
2025-10-21T14:21:08.302671,EUR/USD,EUR,USD,1.16,0.0001,Euro / US Dollar
2025-10-21T14:21:09.537034,GBP/USD,GBP,USD,1.34,0.0001,British Pound / US Dollar
2025-10-21T14:21:10.668595,USD/JPY,USD,JPY,150.7,0.01,US Dollar / Japanese Yen
2025-10-21T14:21:11.872542,USD/CHF,USD,CHF,0.793,0.0001,US Dollar / Swiss Franc
2025-10-21T14:21:12.998622,AUD/USD,AUD,USD,0.651,0.0001,Australian Dollar / US Dollar
2025-10-21T14:21:14.135650,USD/CAD,USD,CAD,1.4,0.0001,US Dollar / Canadian Dollar
2025-10-21T14:21:15.285685,NZD/USD,NZD,USD,0.574,0.0001,New Zealand Dollar / US Dollar
2025-10-21T14:21:16.426278,EUR/GBP,EUR,GBP,0.869,0.0001,Euro / British Pound
2025-10-21T14:21:17.627357,EUR/JPY,EUR,JPY,175.58,0.01,Euro / Japanese Yen
2025-10-21T14:21:18.766526,GBP/JPY,GBP,JPY,202.1,0.01,British Pound / Japanese Yen
2025-10-21T14:22:19.988641,EUR/USD,EUR,USD,1.16,0.0001,Euro / US Dollar
2025-10-21T14:22:21.197342,GBP/USD,GBP,USD,1.34,0.0001,British Pound / US Dollar
2025-10-21T14:22:22.429773,USD/JPY,USD,JPY,150.7,0.01,US Dollar / Japanese Yen
2025-10-21T14:22:23.544293,USD/CHF,USD,CHF,0.793,0.0001,US Dollar / Swiss Franc
2025-10-21T14:22:24.661575,AUD/USD,AUD,USD,0.651,0.0001,Australian Dollar / US Dollar
2025-10-21T14:22:36.418080,NZD/USD,NZD,USD,0.574,0.0001,New Zealand Dollar / US Dollar
2025-10-21T14:22:37.542977,EUR/GBP,EUR,GBP,0.869,0.0001,Euro / British Pound
2025-10-21T14:22:48.743761,EUR/JPY,EUR,JPY,175.58,0.01,Euro / Japanese Yen
2025-10-21T14:22:49.896926,GBP/JPY,GBP,JPY,202.1,0.01,British Pound / Japanese Yen
2025-10-21T14:23:51.122610,EUR/USD,EUR,USD,1.16,0.0001,Euro / US Dollar
2025-10-21T14:23:52.247719,GBP/USD,GBP,USD,1.34,0.0001,British Pound / US Dollar
2025-10-21T14:23:53.369795,USD/JPY,USD,JPY,150.7,0.01,US Dollar / Japanese Yen
2025-10-21T14:23:54.485329,USD/CHF,USD,CHF,0.793,0.0001,US Dollar / Swiss Franc
2025-10-21T14:23:55.629362,AUD/USD,AUD,USD,0.651,0.0001,Australian Dollar / US Dollar
2025-10-21T14:23:56.776435,USD/CAD,USD,CAD,1.4,0.0001,US Dollar / Canadian Dollar
2025-10-21T14:23:57.909857,NZD/USD,NZD,USD,0.574,0.0001,New Zealand Dollar / US Dollar
2025-10-21T14:23:59.041729,EUR/GBP,EUR,GBP,0.869,0.0001,Euro / British Pound
2025-10-21T14:24:00.198625,EUR/JPY,EUR,JPY,175.58,0.01,Euro / Japanese Yen
2025-10-21T14:24:01.461527,GBP/JPY,GBP,JPY,202.1,0.01,British Pound / Japanese Yen
2025-10-21T14:26:23.791315,EUR/USD,EUR,USD,1.16,0.0001,Euro / US Dollar
2025-10-21T14:26:24.921412,GBP/USD,GBP,USD,1.34,0.0001,British Pound / US Dollar
2025-10-21T14:26:26.070483,USD/JPY,USD,JPY,150.7,0.01,US Dollar / Japanese Yen
2025-10-21T14:26:27.206227,USD/CHF,USD,CHF,0.793,0.0001,US Dollar / Swiss Franc
2025-10-21T14:26:28.347434,AUD/USD,AUD,USD,0.651,0.0001,Australian Dollar / US Dollar
2025-10-21T14:26:29.466617,USD/CAD,USD,CAD,1.4,0.0001,US Dollar / Canadian Dollar
2025-10-21T14:26:30.601691,NZD/USD,NZD,USD,0.574,0.0001,New Zealand Dollar / US Dollar
2025-10-21T14:26:31.757365,EUR/GBP,EUR,GBP,0.869,0.0001,Euro / British Pound
2025-10-21T14:26:32.885048,EUR/JPY,EUR,JPY,175.58,0.01,Euro / Japanese Yen
2025-10-21T14:26:34.042621,GBP/JPY,GBP,JPY,202.1,0.01,British Pound / Japanese Yen
2025-10-21T14:27:35.279647,EUR/USD,EUR,USD,1.16,0.0001,Euro / US Dollar
2025-10-21T14:27:36.415554,GBP/USD,GBP,USD,1.34,0.0001,British Pound / US Dollar
2025-10-21T14:27:37.554973,USD/JPY,USD,JPY,150.7,0.01,US Dollar / Japanese Yen
2025-10-21T14:27:38.766088,USD/CHF,USD,CHF,0.793,0.0001,US Dollar / Swiss Franc
2025-10-21T14:27:39.980334,AUD/USD,AUD,USD,0.651,0.0001,Australian Dollar / US Dollar
2025-10-21T14:27:41.143047,USD/CAD,USD,CAD,1.4,0.0001,US Dollar / Canadian Dollar
2025-10-21T14:27:42.276894,NZD/USD,NZD,USD,0.574,0.0001,New Zealand Dollar / US Dollar
2025-10-21T14:27:43.448314,EUR/GBP,EUR,GBP,0.869,0.0001,Euro / British Pound
2025-10-21T14:27:44.576330,EUR/JPY,EUR,JPY,175.58,0.01,Euro / Japanese Yen
2025-10-21T14:27:45.729199,GBP/JPY,GBP,JPY,202.1,0.01,British Pound / Japanese Yen
2025-10-21T14:28:46.870737,EUR/USD,EUR,USD,1.16,0.0001,Euro / US Dollar
2025-10-21T14:28:48.000988,GBP/USD,GBP,USD,1.34,0.0001,British Pound / US Dollar
2025-10-21T14:28:49.202902,USD/JPY,USD,JPY,150.7,0.01,US Dollar / Japanese Yen
2025-10-21T14:28:50.324513,USD/CHF,USD,CHF,0.793,0.0001,US Dollar / Swiss Franc
2025-10-21T14:28:51.450528,AUD/USD,AUD,USD,0.651,0.0001,Australian Dollar / US Dollar
2025-10-21T14:28:52.592657,USD/CAD,USD,CAD,1.4,0.0001,US Dollar / Canadian Dollar
2025-10-21T14:28:53.735372,NZD/USD,NZD,USD,0.574,0.0001,New Zealand Dollar / US Dollar
2025-10-21T14:28:54.874721,EUR/GBP,EUR,GBP,0.869,0.0001,Euro / British Pound
2025-10-21T14:28:56.073470,EUR/JPY,EUR,JPY,175.58,0.01,Euro / Japanese Yen
2025-10-21T14:28:57.190473,GBP/JPY,GBP,JPY,202.1,0.01,British Pound / Japanese Yen
2025-10-21T14:29:58.358390,EUR/USD,EUR,USD,1.16,0.0001,Euro / US Dollar
2025-10-21T14:29:59.488006,GBP/USD,GBP,USD,1.34,0.0001,British Pound / US Dollar
2025-10-21T14:30:00.697154,USD/JPY,USD,JPY,150.7,0.01,US Dollar / Japanese Yen
2025-10-21T14:30:01.918515,USD/CHF,USD,CHF,0.793,0.0001,US Dollar / Swiss Franc
2025-10-21T14:30:03.145794,AUD/USD,AUD,USD,0.651,0.0001,Australian Dollar / US Dollar
2025-10-21T14:30:04.390922,USD/CAD,USD,CAD,1.4,0.0001,US Dollar / Canadian Dollar
2025-10-21T14:30:05.705968,NZD/USD,NZD,USD,0.574,0.0001,New Zealand Dollar / US Dollar
2025-10-21T14:30:06.937347,EUR/GBP,EUR,GBP,0.869,0.0001,Euro / British Pound
2025-10-21T14:30:08.097101,EUR/JPY,EUR,JPY,175.58,0.01,Euro / Japanese Yen
2025-10-21T14:30:09.392545,GBP/JPY,GBP,JPY,202.1,0.01,British Pound / Japanese Yen
2025-10-21T14:31:10.601737,EUR/USD,EUR,USD,1.16,0.0001,Euro / US Dollar
2025-10-21T14:31:11.814403,GBP/USD,GBP,USD,1.34,0.0001,British Pound / US Dollar
2025-10-21T14:31:13.031014,USD/JPY,USD,JPY,150.7,0.01,US Dollar / Japanese Yen
2025-10-21T14:31:14.214676,USD/CHF,USD,CHF,0.793,0.0001,US Dollar / Swiss Franc
2025-10-21T14:31:15.435871,AUD/USD,AUD,USD,0.651,0.0001,Australian Dollar / US Dollar
2025-10-21T14:31:16.649173,USD/CAD,USD,CAD,1.4,0.0001,US Dollar / Canadian Dollar
2025-10-21T14:31:17.796806,NZD/USD,NZD,USD,0.574,0.0001,New Zealand Dollar / US Dollar
2025-10-21T14:31:19.129887,EUR/GBP,EUR,GBP,0.869,0.0001,Euro / British Pound
2025-10-21T14:31:20.339188,EUR/JPY,EUR,JPY,175.58,0.01,Euro / Japanese Yen
2025-10-21T14:31:21.500788,GBP/JPY,GBP,JPY,202.1,0.01,British Pound / Japanese Yen
2025-10-21T14:32:22.661498,EUR/USD,EUR,USD,1.16,0.0001,Euro / US Dollar
2025-10-21T14:32:23.843448,GBP/USD,GBP,USD,1.34,0.0001,British Pound / US Dollar
2025-10-21T14:32:24.977028,USD/JPY,USD,JPY,150.7,0.01,US Dollar / Japanese Yen
2025-10-21T14:32:26.089548,USD/CHF,USD,CHF,0.793,0.0001,US Dollar / Swiss Franc
2025-10-21T14:32:27.417790,AUD/USD,AUD,USD,0.651,0.0001,Australian Dollar / US Dollar
2025-10-21T14:32:28.761159,USD/CAD,USD,CAD,1.4,0.0001,US Dollar / Canadian Dollar
2025-10-21T14:32:29.989230,NZD/USD,NZD,USD,0.574,0.0001,New Zealand Dollar / US Dollar
2025-10-21T14:32:31.219242,EUR/GBP,EUR,GBP,0.869,0.0001,Euro / British Pound
2025-10-21T14:32:32.354533,EUR/JPY,EUR,JPY,175.58,0.01,Euro / Japanese Yen
2025-10-21T14:32:33.557535,GBP/JPY,GBP,JPY,202.1,0.01,British Pound / Japanese Yen
2025-10-21T14:33:34.725392,EUR/USD,EUR,USD,1.16,0.0001,Euro / US Dollar
2025-10-21T14:33:35.883029,GBP/USD,GBP,USD,1.34,0.0001,British Pound / US Dollar
2025-10-21T14:33:37.018546,USD/JPY,USD,JPY,150.7,0.01,US Dollar / Japanese Yen
2025-10-21T14:33:38.151224,USD/CHF,USD,CHF,0.793,0.0001,US Dollar / Swiss Franc
2025-10-21T14:33:39.283640,AUD/USD,AUD,USD,0.651,0.0001,Australian Dollar / US Dollar
2025-10-21T14:33:40.414075,USD/CAD,USD,CAD,1.4,0.0001,US Dollar / Canadian Dollar
2025-10-21T14:33:41.560325,NZD/USD,NZD,USD,0.574,0.0001,New Zealand Dollar / US Dollar
2025-10-21T14:33:42.746197,EUR/GBP,EUR,GBP,0.869,0.0001,Euro / British Pound
2025-10-21T14:33:43.896739,EUR/JPY,EUR,JPY,175.58,0.01,Euro / Japanese Yen
2025-10-21T14:33:45.034033,GBP/JPY,GBP,JPY,202.1,0.01,British Pound / Japanese Yen
2025-10-21T14:34:46.267754,EUR/USD,EUR,USD,1.16,0.0001,Euro / US Dollar
2025-10-21T14:34:47.390489,GBP/USD,GBP,USD,1.34,0.0001,British Pound / US Dollar
2025-10-21T14:34:48.504844,USD/JPY,USD,JPY,150.7,0.01,US Dollar / Japanese Yen
2025-10-21T14:34:49.632494,USD/CHF,USD,CHF,0.793,0.0001,US Dollar / Swiss Franc
2025-10-21T14:34:50.799505,AUD/USD,AUD,USD,0.651,0.0001,Australian Dollar / US Dollar
2025-10-21T14:34:51.949825,USD/CAD,USD,CAD,1.4,0.0001,US Dollar / Canadian Dollar
2025-10-21T14:34:53.145642,NZD/USD,NZD,USD,0.574,0.0001,New Zealand Dollar / US Dollar
2025-10-21T14:34:54.476562,EUR/GBP,EUR,GBP,0.869,0.0001,Euro / British Pound
2025-10-21T14:35:00.723729,EUR/JPY,EUR,JPY,175.58,0.01,Euro / Japanese Yen
2025-10-21T14:35:01.949788,GBP/JPY,GBP,JPY,202.1,0.01,British Pound / Japanese Yen
2025-10-21T14:36:03.185300,EUR/USD,EUR,USD,1.16,0.0001,Euro / US Dollar
2025-10-21T14:36:04.404424,GBP/USD,GBP,USD,1.34,0.0001,British Pound / US Dollar
2025-10-21T14:36:05.752313,USD/JPY,USD,JPY,150.7,0.01,US Dollar / Japanese Yen
2025-10-21T14:36:06.946745,USD/CHF,USD,CHF,0.793,0.0001,US Dollar / Swiss Franc
2025-10-21T14:36:08.212569,AUD/USD,AUD,USD,0.651,0.0001,Australian Dollar / US Dollar
2025-10-21T14:36:09.459948,USD/CAD,USD,CAD,1.4,0.0001,US Dollar / Canadian Dollar
2025-10-21T14:36:10.647348,NZD/USD,NZD,USD,0.574,0.0001,New Zealand Dollar / US Dollar
2025-10-21T14:36:11.830927,EUR/GBP,EUR,GBP,0.869,0.0001,Euro / British Pound
2025-10-21T14:36:13.017721,EUR/JPY,EUR,JPY,175.58,0.01,Euro / Japanese Yen
2025-10-21T14:36:14.249554,GBP/JPY,GBP,JPY,202.1,0.01,British Pound / Japanese Yen
2025-10-21T14:37:15.482148,EUR/USD,EUR,USD,1.16,0.0001,Euro / US Dollar
2025-10-21T14:37:16.671174,GBP/USD,GBP,USD,1.34,0.0001,British Pound / US Dollar
2025-10-21T14:37:17.927567,USD/JPY,USD,JPY,150.7,0.01,US Dollar / Japanese Yen
2025-10-21T14:37:19.175165,USD/CHF,USD,CHF,0.793,0.0001,US Dollar / Swiss Franc
2025-10-21T14:37:20.383716,AUD/USD,AUD,USD,0.651,0.0001,Australian Dollar / US Dollar
2025-10-21T14:37:21.647491,USD/CAD,USD,CAD,1.4,0.0001,US Dollar / Canadian Dollar
2025-10-21T14:37:22.897131,NZD/USD,NZD,USD,0.574,0.0001,New Zealand Dollar / US Dollar
2025-10-21T14:37:24.099311,EUR/GBP,EUR,GBP,0.869,0.0001,Euro / British Pound
2025-10-21T14:37:25.307287,EUR/JPY,EUR,JPY,175.58,0.01,Euro / Japanese Yen
2025-10-21T14:37:26.551544,GBP/JPY,GBP,JPY,202.1,0.01,British Pound / Japanese Yen
2025-10-21T14:38:27.774983,EUR/USD,EUR,USD,1.16,0.0001,Euro / US Dollar
2025-10-21T14:38:28.961859,GBP/USD,GBP,USD,1.34,0.0001,British Pound / US Dollar
2025-10-21T14:38:30.138439,USD/JPY,USD,JPY,150.7,0.01,US Dollar / Japanese Yen
2025-10-21T14:38:31.359899,USD/CHF,USD,CHF,0.793,0.0001,US Dollar / Swiss Franc
2025-10-21T14:38:32.521952,AUD/USD,AUD,USD,0.651,0.0001,Australian Dollar / US Dollar
2025-10-21T14:38:33.717792,USD/CAD,USD,CAD,1.4,0.0001,US Dollar / Canadian Dollar
2025-10-21T14:38:34.900223,NZD/USD,NZD,USD,0.574,0.0001,New Zealand Dollar / US Dollar
2025-10-21T14:38:36.109366,EUR/GBP,EUR,GBP,0.869,0.0001,Euro / British Pound
2025-10-21T14:38:37.315577,EUR/JPY,EUR,JPY,175.58,0.01,Euro / Japanese Yen
2025-10-21T14:38:38.539623,GBP/JPY,GBP,JPY,202.1,0.01,British Pound / Japanese Yen
2025-10-21T14:39:39.755603,EUR/USD,EUR,USD,1.16,0.0001,Euro / US Dollar
2025-10-21T14:39:40.998819,GBP/USD,GBP,USD,1.34,0.0001,British Pound / US Dollar
2025-10-21T14:39:42.230072,USD/JPY,USD,JPY,150.7,0.01,US Dollar / Japanese Yen
2025-10-21T14:39:43.408822,USD/CHF,USD,CHF,0.793,0.0001,US Dollar / Swiss Franc
2025-10-21T14:39:44.695509,AUD/USD,AUD,USD,0.651,0.0001,Australian Dollar / US Dollar
2025-10-21T14:39:45.911724,USD/CAD,USD,CAD,1.4,0.0001,US Dollar / Canadian Dollar
2025-10-21T14:39:47.127568,NZD/USD,NZD,USD,0.574,0.0001,New Zealand Dollar / US Dollar
2025-10-21T14:39:48.471389,EUR/GBP,EUR,GBP,0.869,0.0001,Euro / British Pound
2025-10-21T14:39:49.658766,EUR/JPY,EUR,JPY,175.58,0.01,Euro / Japanese Yen
2025-10-21T14:39:50.927265,GBP/JPY,GBP,JPY,202.1,0.01,British Pound / Japanese Yen
2025-10-21T14:40:52.161169,EUR/USD,EUR,USD,1.16,0.0001,Euro / US Dollar
2025-10-21T14:40:53.407138,GBP/USD,GBP,USD,1.34,0.0001,British Pound / US Dollar
2025-10-21T14:40:54.599376,USD/JPY,USD,JPY,150.7,0.01,US Dollar / Japanese Yen
2025-10-21T14:40:55.789399,USD/CHF,USD,CHF,0.793,0.0001,US Dollar / Swiss Franc
2025-10-21T14:40:56.979971,AUD/USD,AUD,USD,0.651,0.0001,Australian Dollar / US Dollar
2025-10-21T14:40:58.187238,USD/CAD,USD,CAD,1.4,0.0001,US Dollar / Canadian Dollar
2025-10-21T14:40:59.434655,NZD/USD,NZD,USD,0.574,0.0001,New Zealand Dollar / US Dollar
2025-10-21T14:41:00.670685,EUR/GBP,EUR,GBP,0.869,0.0001,Euro / British Pound
2025-10-21T14:41:01.980937,EUR/JPY,EUR,JPY,175.58,0.01,Euro / Japanese Yen
2025-10-21T14:41:03.231194,GBP/JPY,GBP,JPY,202.1,0.01,British Pound / Japanese Yen
2025-10-21T14:42:04.558836,EUR/USD,EUR,USD,1.16,0.0001,Euro / US Dollar
2025-10-21T14:42:05.792919,GBP/USD,GBP,USD,1.34,0.0001,British Pound / US Dollar
2025-10-21T14:42:06.970642,USD/JPY,USD,JPY,150.7,0.01,US Dollar / Japanese Yen
2025-10-21T14:42:08.157489,USD/CHF,USD,CHF,0.793,0.0001,US Dollar / Swiss Franc
2025-10-21T14:42:09.324546,AUD/USD,AUD,USD,0.651,0.0001,Australian Dollar / US Dollar
2025-10-21T14:42:10.562959,USD/CAD,USD,CAD,1.4,0.0001,US Dollar / Canadian Dollar
2025-10-21T14:42:11.754642,NZD/USD,NZD,USD,0.574,0.0001,New Zealand Dollar / US Dollar
2025-10-21T14:42:12.969569,EUR/GBP,EUR,GBP,0.869,0.0001,Euro / British Pound
2025-10-21T14:42:14.199742,EUR/JPY,EUR,JPY,175.58,0.01,Euro / Japanese Yen
2025-10-21T14:42:15.361659,GBP/JPY,GBP,JPY,202.1,0.01,British Pound / Japanese Yen
2025-10-21T14:43:16.542385,EUR/USD,EUR,USD,1.16,0.0001,Euro / US Dollar
2025-10-21T14:43:17.782329,GBP/USD,GBP,USD,1.34,0.0001,British Pound / US Dollar
2025-10-21T14:43:18.963679,USD/JPY,USD,JPY,150.7,0.01,US Dollar / Japanese Yen
2025-10-21T14:43:20.137288,USD/CHF,USD,CHF,0.793,0.0001,US Dollar / Swiss Franc
2025-10-21T14:43:21.343606,AUD/USD,AUD,USD,0.651,0.0001,Australian Dollar / US Dollar
2025-10-21T14:43:22.593022,USD/CAD,USD,CAD,1.4,0.0001,US Dollar / Canadian Dollar
2025-10-21T14:43:23.777944,NZD/USD,NZD,USD,0.574,0.0001,New Zealand Dollar / US Dollar
2025-10-21T14:43:24.942274,EUR/GBP,EUR,GBP,0.869,0.0001,Euro / British Pound
2025-10-21T14:43:26.179336,EUR/JPY,EUR,JPY,175.58,0.01,Euro / Japanese Yen
2025-10-21T14:43:27.397386,GBP/JPY,GBP,JPY,202.1,0.01,British Pound / Japanese Yen
2025-10-21T14:44:28.592694,EUR/USD,EUR,USD,1.16,0.0001,Euro / US Dollar
2025-10-21T14:44:29.774969,GBP/USD,GBP,USD,1.34,0.0001,British Pound / US Dollar
2025-10-21T14:44:30.992843,USD/JPY,USD,JPY,150.7,0.01,US Dollar / Japanese Yen
2025-10-21T14:44:32.224388,USD/CHF,USD,CHF,0.793,0.0001,US Dollar / Swiss Franc
2025-10-21T14:44:33.419734,AUD/USD,AUD,USD,0.651,0.0001,Australian Dollar / US Dollar
2025-10-21T14:44:34.603718,USD/CAD,USD,CAD,1.4,0.0001,US Dollar / Canadian Dollar
2025-10-21T14:44:35.767615,NZD/USD,NZD,USD,0.574,0.0001,New Zealand Dollar / US Dollar
2025-10-21T14:44:37.039191,EUR/GBP,EUR,GBP,0.869,0.0001,Euro / British Pound
2025-10-21T14:44:38.221831,EUR/JPY,EUR,JPY,175.58,0.01,Euro / Japanese Yen
2025-10-21T14:44:39.398811,GBP/JPY,GBP,JPY,202.1,0.01,British Pound / Japanese Yen
2025-10-21T14:45:40.624733,EUR/USD,EUR,USD,1.16,0.0001,Euro / US Dollar
2025-10-21T14:45:41.825160,GBP/USD,GBP,USD,1.34,0.0001,British Pound / US Dollar
2025-10-21T14:45:43.094339,USD/JPY,USD,JPY,150.7,0.01,US Dollar / Japanese Yen
2025-10-21T14:45:44.272218,USD/CHF,USD,CHF,0.793,0.0001,US Dollar / Swiss Franc
2025-10-21T14:45:45.477668,AUD/USD,AUD,USD,0.651,0.0001,Australian Dollar / US Dollar
2025-10-21T14:45:46.677503,USD/CAD,USD,CAD,1.4,0.0001,US Dollar / Canadian Dollar
2025-10-21T14:45:47.894909,NZD/USD,NZD,USD,0.574,0.0001,New Zealand Dollar / US Dollar
2025-10-21T14:45:49.124847,EUR/GBP,EUR,GBP,0.869,0.0001,Euro / British Pound
2025-10-21T14:45:50.294057,EUR/JPY,EUR,JPY,175.58,0.01,Euro / Japanese Yen
2025-10-21T14:45:51.508978,GBP/JPY,GBP,JPY,202.1,0.01,British Pound / Japanese Yen
2025-10-21T14:46:52.715735,EUR/USD,EUR,USD,1.16,0.0001,Euro / US Dollar
2025-10-21T14:46:53.929943,GBP/USD,GBP,USD,1.34,0.0001,British Pound / US Dollar
2025-10-21T14:46:55.090270,USD/JPY,USD,JPY,150.7,0.01,US Dollar / Japanese Yen
2025-10-21T14:46:56.290395,USD/CHF,USD,CHF,0.793,0.0001,US Dollar / Swiss Franc
2025-10-21T14:46:57.527963,AUD/USD,AUD,USD,0.651,0.0001,Australian Dollar / US Dollar
2025-10-21T14:46:58.713661,USD/CAD,USD,CAD,1.4,0.0001,US Dollar / Canadian Dollar
2025-10-21T14:46:59.983717,NZD/USD,NZD,USD,0.574,0.0001,New Zealand Dollar / US Dollar
2025-10-21T14:47:01.145038,EUR/GBP,EUR,GBP,0.869,0.0001,Euro / British Pound
2025-10-21T14:47:02.426286,EUR/JPY,EUR,JPY,175.58,0.01,Euro / Japanese Yen
2025-10-21T14:47:03.605981,GBP/JPY,GBP,JPY,202.1,0.01,British Pound / Japanese Yen
2025-10-21T14:48:04.908333,EUR/USD,EUR,USD,1.16,0.0001,Euro / US Dollar
2025-10-21T14:48:06.067999,GBP/USD,GBP,USD,1.34,0.0001,British Pound / US Dollar
2025-10-21T14:48:07.316650,USD/JPY,USD,JPY,150.7,0.01,US Dollar / Japanese Yen
2025-10-21T14:48:08.509811,USD/CHF,USD,CHF,0.793,0.0001,US Dollar / Swiss Franc
2025-10-21T14:48:09.671711,AUD/USD,AUD,USD,0.651,0.0001,Australian Dollar / US Dollar
2025-10-21T14:48:10.843635,USD/CAD,USD,CAD,1.4,0.0001,US Dollar / Canadian Dollar
2025-10-21T14:48:12.059824,NZD/USD,NZD,USD,0.574,0.0001,New Zealand Dollar / US Dollar
2025-10-21T14:48:13.245658,EUR/GBP,EUR,GBP,0.869,0.0001,Euro / British Pound
2025-10-21T14:48:14.418295,EUR/JPY,EUR,JPY,175.58,0.01,Euro / Japanese Yen
2025-10-21T14:48:15.583559,GBP/JPY,GBP,JPY,202.1,0.01,British Pound / Japanese Yen
2025-10-21T14:49:16.807293,EUR/USD,EUR,USD,1.16,0.0001,Euro / US Dollar
2025-10-21T14:49:17.979401,GBP/USD,GBP,USD,1.34,0.0001,British Pound / US Dollar
2025-10-21T14:49:19.150936,USD/JPY,USD,JPY,150.7,0.01,US Dollar / Japanese Yen
2025-10-21T14:49:20.346728,USD/CHF,USD,CHF,0.793,0.0001,US Dollar / Swiss Franc
2025-10-21T14:49:21.522831,AUD/USD,AUD,USD,0.651,0.0001,Australian Dollar / US Dollar
2025-10-21T14:49:22.739473,USD/CAD,USD,CAD,1.4,0.0001,US Dollar / Canadian Dollar
2025-10-21T14:49:23.950284,NZD/USD,NZD,USD,0.574,0.0001,New Zealand Dollar / US Dollar
2025-10-21T14:49:25.180090,EUR/GBP,EUR,GBP,0.869,0.0001,Euro / British Pound
2025-10-21T14:49:26.346559,EUR/JPY,EUR,JPY,175.58,0.01,Euro / Japanese Yen
2025-10-21T14:49:27.523643,GBP/JPY,GBP,JPY,202.1,0.01,British Pound / Japanese Yen
2025-10-21T14:50:28.705306,EUR/USD,EUR,USD,1.16,0.0001,Euro / US Dollar
2025-10-21T14:50:29.868971,GBP/USD,GBP,USD,1.34,0.0001,British Pound / US Dollar
2025-10-21T14:50:31.123671,USD/JPY,USD,JPY,150.7,0.01,US Dollar / Japanese Yen
2025-10-21T14:50:32.366623,USD/CHF,USD,CHF,0.793,0.0001,US Dollar / Swiss Franc
2025-10-21T14:50:33.530541,AUD/USD,AUD,USD,0.651,0.0001,Australian Dollar / US Dollar
2025-10-21T14:50:34.726273,USD/CAD,USD,CAD,1.4,0.0001,US Dollar / Canadian Dollar
2025-10-21T14:50:36.054802,NZD/USD,NZD,USD,0.574,0.0001,New Zealand Dollar / US Dollar
2025-10-21T14:50:37.267051,EUR/GBP,EUR,GBP,0.869,0.0001,Euro / British Pound
2025-10-21T14:50:38.434580,EUR/JPY,EUR,JPY,175.58,0.01,Euro / Japanese Yen
2025-10-21T14:50:39.647674,GBP/JPY,GBP,JPY,202.1,0.01,British Pound / Japanese Yen
2025-10-21T14:51:40.860613,EUR/USD,EUR,USD,1.16,0.0001,Euro / US Dollar
2025-10-21T14:51:42.099941,GBP/USD,GBP,USD,1.34,0.0001,British Pound / US Dollar
2025-10-21T14:51:43.265992,USD/JPY,USD,JPY,150.7,0.01,US Dollar / Japanese Yen
2025-10-21T14:51:44.441535,USD/CHF,USD,CHF,0.793,0.0001,US Dollar / Swiss Franc
2025-10-21T14:51:45.629767,AUD/USD,AUD,USD,0.651,0.0001,Australian Dollar / US Dollar
2025-10-21T14:51:46.812172,USD/CAD,USD,CAD,1.4,0.0001,US Dollar / Canadian Dollar
2025-10-21T14:51:48.142668,NZD/USD,NZD,USD,0.574,0.0001,New Zealand Dollar / US Dollar
2025-10-21T14:51:49.301226,EUR/GBP,EUR,GBP,0.869,0.0001,Euro / British Pound
2025-10-21T14:51:50.489476,EUR/JPY,EUR,JPY,175.58,0.01,Euro / Japanese Yen
2025-10-21T14:51:51.672787,GBP/JPY,GBP,JPY,202.1,0.01,British Pound / Japanese Yen
2025-10-21T14:52:52.948189,EUR/USD,EUR,USD,1.16,0.0001,Euro / US Dollar
2025-10-21T14:52:54.191712,GBP/USD,GBP,USD,1.34,0.0001,British Pound / US Dollar
2025-10-21T14:52:55.404208,USD/JPY,USD,JPY,150.7,0.01,US Dollar / Japanese Yen
2025-10-21T14:52:56.602674,USD/CHF,USD,CHF,0.793,0.0001,US Dollar / Swiss Franc
2025-10-21T14:52:57.776201,AUD/USD,AUD,USD,0.651,0.0001,Australian Dollar / US Dollar
2025-10-21T14:52:58.991279,USD/CAD,USD,CAD,1.4,0.0001,US Dollar / Canadian Dollar
2025-10-21T14:53:00.232944,NZD/USD,NZD,USD,0.574,0.0001,New Zealand Dollar / US Dollar
2025-10-21T14:53:01.428608,EUR/GBP,EUR,GBP,0.869,0.0001,Euro / British Pound
2025-10-21T14:53:02.651749,EUR/JPY,EUR,JPY,175.58,0.01,Euro / Japanese Yen
2025-10-21T14:53:03.816861,GBP/JPY,GBP,JPY,202.1,0.01,British Pound / Japanese Yen
2025-10-21T14:54:05.050345,EUR/USD,EUR,USD,1.16,0.0001,Euro / US Dollar
2025-10-21T14:54:06.270020,GBP/USD,GBP,USD,1.34,0.0001,British Pound / US Dollar
2025-10-21T14:54:07.509289,USD/JPY,USD,JPY,150.7,0.01,US Dollar / Japanese Yen
2025-10-21T14:54:08.739806,USD/CHF,USD,CHF,0.793,0.0001,US Dollar / Swiss Franc
2025-10-21T14:54:09.898274,AUD/USD,AUD,USD,0.651,0.0001,Australian Dollar / US Dollar
2025-10-21T14:54:11.073502,USD/CAD,USD,CAD,1.4,0.0001,US Dollar / Canadian Dollar
2025-10-21T14:54:13.118405,NZD/USD,NZD,USD,0.574,0.0001,New Zealand Dollar / US Dollar
2025-10-21T14:54:14.360279,EUR/GBP,EUR,GBP,0.869,0.0001,Euro / British Pound
2025-10-21T14:54:15.588677,EUR/JPY,EUR,JPY,175.58,0.01,Euro / Japanese Yen
2025-10-21T14:54:16.742733,GBP/JPY,GBP,JPY,202.1,0.01,British Pound / Japanese Yen
2025-10-21T14:55:17.938555,EUR/USD,EUR,USD,1.16,0.0001,Euro / US Dollar
2025-10-21T14:55:19.106343,GBP/USD,GBP,USD,1.34,0.0001,British Pound / US Dollar
2025-10-21T14:55:20.296336,USD/JPY,USD,JPY,150.7,0.01,US Dollar / Japanese Yen
2025-10-21T14:55:21.471245,USD/CHF,USD,CHF,0.793,0.0001,US Dollar / Swiss Franc
2025-10-21T14:55:22.650157,AUD/USD,AUD,USD,0.651,0.0001,Australian Dollar / US Dollar
2025-10-21T14:55:23.818533,USD/CAD,USD,CAD,1.4,0.0001,US Dollar / Canadian Dollar
2025-10-21T14:55:25.030425,NZD/USD,NZD,USD,0.574,0.0001,New Zealand Dollar / US Dollar
2025-10-21T14:55:26.256285,EUR/GBP,EUR,GBP,0.869,0.0001,Euro / British Pound
2025-10-21T14:55:27.438558,EUR/JPY,EUR,JPY,175.58,0.01,Euro / Japanese Yen
2025-10-21T14:55:28.613707,GBP/JPY,GBP,JPY,202.1,0.01,British Pound / Japanese Yen
2025-10-21T14:56:29.833734,EUR/USD,EUR,USD,1.16,0.0001,Euro / US Dollar
2025-10-21T14:56:31.026794,GBP/USD,GBP,USD,1.34,0.0001,British Pound / US Dollar
2025-10-21T14:56:32.195576,USD/JPY,USD,JPY,150.7,0.01,US Dollar / Japanese Yen
2025-10-21T14:56:33.359390,USD/CHF,USD,CHF,0.793,0.0001,US Dollar / Swiss Franc
2025-10-21T14:56:34.558427,AUD/USD,AUD,USD,0.651,0.0001,Australian Dollar / US Dollar
2025-10-21T14:56:35.725467,USD/CAD,USD,CAD,1.4,0.0001,US Dollar / Canadian Dollar
2025-10-21T14:56:36.912345,NZD/USD,NZD,USD,0.574,0.0001,New Zealand Dollar / US Dollar
2025-10-21T14:56:38.130460,EUR/GBP,EUR,GBP,0.869,0.0001,Euro / British Pound
2025-10-21T14:56:39.355585,EUR/JPY,EUR,JPY,175.58,0.01,Euro / Japanese Yen
2025-10-21T14:56:40.599803,GBP/JPY,GBP,JPY,202.1,0.01,British Pound / Japanese Yen
2025-10-21T14:57:41.787997,EUR/USD,EUR,USD,1.16,0.0001,Euro / US Dollar
2025-10-21T14:57:42.967070,GBP/USD,GBP,USD,1.34,0.0001,British Pound / US Dollar
2025-10-21T14:57:44.180311,USD/JPY,USD,JPY,150.7,0.01,US Dollar / Japanese Yen
2025-10-21T14:57:45.407862,USD/CHF,USD,CHF,0.793,0.0001,US Dollar / Swiss Franc
2025-10-21T14:57:46.570272,AUD/USD,AUD,USD,0.651,0.0001,Australian Dollar / US Dollar
2025-10-21T14:57:47.754953,USD/CAD,USD,CAD,1.4,0.0001,US Dollar / Canadian Dollar
2025-10-21T14:57:48.983105,NZD/USD,NZD,USD,0.574,0.0001,New Zealand Dollar / US Dollar
2025-10-21T14:57:50.172406,EUR/GBP,EUR,GBP,0.869,0.0001,Euro / British Pound
2025-10-21T14:57:51.354629,EUR/JPY,EUR,JPY,175.58,0.01,Euro / Japanese Yen
2025-10-21T14:57:52.585149,GBP/JPY,GBP,JPY,202.1,0.01,British Pound / Japanese Yen
2025-10-21T14:58:53.819793,EUR/USD,EUR,USD,1.16,0.0001,Euro / US Dollar
2025-10-21T14:58:55.024663,GBP/USD,GBP,USD,1.34,0.0001,British Pound / US Dollar
2025-10-21T14:58:56.221053,USD/JPY,USD,JPY,150.7,0.01,US Dollar / Japanese Yen
2025-10-21T14:58:57.405738,USD/CHF,USD,CHF,0.793,0.0001,US Dollar / Swiss Franc
2025-10-21T14:58:58.578131,AUD/USD,AUD,USD,0.651,0.0001,Australian Dollar / US Dollar
2025-10-21T14:58:59.761258,USD/CAD,USD,CAD,1.4,0.0001,US Dollar / Canadian Dollar
2025-10-21T14:59:00.980689,NZD/USD,NZD,USD,0.574,0.0001,New Zealand Dollar / US Dollar
2025-10-21T14:59:02.221573,EUR/GBP,EUR,GBP,0.869,0.0001,Euro / British Pound
2025-10-21T14:59:03.437147,EUR/JPY,EUR,JPY,175.58,0.01,Euro / Japanese Yen
2025-10-21T14:59:04.648073,GBP/JPY,GBP,JPY,202.1,0.01,British Pound / Japanese Yen
2025-10-21T15:00:05.825105,EUR/USD,EUR,USD,1.16,0.0001,Euro / US Dollar
2025-10-21T15:00:07.038300,GBP/USD,GBP,USD,1.34,0.0001,British Pound / US Dollar
2025-10-21T15:00:08.213842,USD/JPY,USD,JPY,150.7,0.01,US Dollar / Japanese Yen
2025-10-21T15:00:09.402132,USD/CHF,USD,CHF,0.793,0.0001,US Dollar / Swiss Franc
2025-10-21T15:00:10.569866,AUD/USD,AUD,USD,0.651,0.0001,Australian Dollar / US Dollar
2025-10-21T15:00:11.749483,USD/CAD,USD,CAD,1.4,0.0001,US Dollar / Canadian Dollar
2025-10-21T15:00:12.976154,NZD/USD,NZD,USD,0.574,0.0001,New Zealand Dollar / US Dollar
2025-10-21T15:00:14.193412,EUR/GBP,EUR,GBP,0.869,0.0001,Euro / British Pound
2025-10-21T15:00:15.357944,EUR/JPY,EUR,JPY,175.58,0.01,Euro / Japanese Yen
2025-10-21T15:00:16.543070,GBP/JPY,GBP,JPY,202.1,0.01,British Pound / Japanese Yen
2025-10-21T15:01:17.798419,EUR/USD,EUR,USD,1.16,0.0001,Euro / US Dollar
2025-10-21T15:01:19.028190,GBP/USD,GBP,USD,1.34,0.0001,British Pound / US Dollar
2025-10-21T15:01:20.257039,USD/JPY,USD,JPY,150.7,0.01,US Dollar / Japanese Yen
2025-10-21T15:01:21.429141,USD/CHF,USD,CHF,0.793,0.0001,US Dollar / Swiss Franc
2025-10-21T15:01:22.602195,AUD/USD,AUD,USD,0.651,0.0001,Australian Dollar / US Dollar
2025-10-21T15:01:23.778172,USD/CAD,USD,CAD,1.4,0.0001,US Dollar / Canadian Dollar
2025-10-21T15:01:24.965063,NZD/USD,NZD,USD,0.574,0.0001,New Zealand Dollar / US Dollar
2025-10-21T15:01:26.193645,EUR/GBP,EUR,GBP,0.869,0.0001,Euro / British Pound
2025-10-21T15:01:27.371066,EUR/JPY,EUR,JPY,175.58,0.01,Euro / Japanese Yen
2025-10-21T15:01:28.576421,GBP/JPY,GBP,JPY,202.1,0.01,British Pound / Japanese Yen
2025-10-21T15:02:29.795180,EUR/USD,EUR,USD,1.16,0.0001,Euro / US Dollar
2025-10-21T15:02:31.020558,GBP/USD,GBP,USD,1.34,0.0001,British Pound / US Dollar
2025-10-21T15:02:32.188735,USD/JPY,USD,JPY,150.7,0.01,US Dollar / Japanese Yen
2025-10-21T15:02:33.385225,USD/CHF,USD,CHF,0.793,0.0001,US Dollar / Swiss Franc
2025-10-21T15:02:34.612715,AUD/USD,AUD,USD,0.651,0.0001,Australian Dollar / US Dollar
2025-10-21T15:02:35.788411,USD/CAD,USD,CAD,1.4,0.0001,US Dollar / Canadian Dollar
2025-10-21T15:02:37.002283,NZD/USD,NZD,USD,0.574,0.0001,New Zealand Dollar / US Dollar
2025-10-21T15:02:38.212976,EUR/GBP,EUR,GBP,0.869,0.0001,Euro / British Pound
2025-10-21T15:02:39.401388,EUR/JPY,EUR,JPY,175.58,0.01,Euro / Japanese Yen
2025-10-21T15:02:40.646415,GBP/JPY,GBP,JPY,202.1,0.01,British Pound / Japanese Yen
2025-10-21T15:03:41.852244,EUR/USD,EUR,USD,1.16,0.0001,Euro / US Dollar
2025-10-21T15:03:43.023745,GBP/USD,GBP,USD,1.34,0.0001,British Pound / US Dollar
2025-10-21T15:03:44.189566,USD/JPY,USD,JPY,150.7,0.01,US Dollar / Japanese Yen
2025-10-21T15:03:45.440022,USD/CHF,USD,CHF,0.793,0.0001,US Dollar / Swiss Franc
2025-10-21T15:03:46.623167,AUD/USD,AUD,USD,0.651,0.0001,Australian Dollar / US Dollar
2025-10-21T15:03:47.789617,USD/CAD,USD,CAD,1.4,0.0001,US Dollar / Canadian Dollar
2025-10-21T15:03:48.938878,NZD/USD,NZD,USD,0.574,0.0001,New Zealand Dollar / US Dollar
2025-10-21T15:03:50.110648,EUR/GBP,EUR,GBP,0.869,0.0001,Euro / British Pound
2025-10-21T15:03:51.364855,EUR/JPY,EUR,JPY,175.58,0.01,Euro / Japanese Yen
2025-10-21T15:03:52.594966,GBP/JPY,GBP,JPY,202.1,0.01,British Pound / Japanese Yen
2025-10-21T15:04:53.805639,EUR/USD,EUR,USD,1.16,0.0001,Euro / US Dollar
2025-10-21T15:04:55.189578,GBP/USD,GBP,USD,1.34,0.0001,British Pound / US Dollar
2025-10-21T15:04:56.513756,USD/JPY,USD,JPY,150.7,0.01,US Dollar / Japanese Yen
2025-10-21T15:04:57.797898,USD/CHF,USD,CHF,0.793,0.0001,US Dollar / Swiss Franc
2025-10-21T15:04:59.177697,AUD/USD,AUD,USD,0.651,0.0001,Australian Dollar / US Dollar
2025-10-21T15:05:00.918681,USD/CAD,USD,CAD,1.4,0.0001,US Dollar / Canadian Dollar
2025-10-21T15:05:02.433009,NZD/USD,NZD,USD,0.574,0.0001,New Zealand Dollar / US Dollar
2025-10-21T15:05:03.782028,EUR/GBP,EUR,GBP,0.869,0.0001,Euro / British Pound
2025-10-21T15:05:05.291789,EUR/JPY,EUR,JPY,175.58,0.01,Euro / Japanese Yen
2025-10-21T15:05:06.789649,GBP/JPY,GBP,JPY,202.1,0.01,British Pound / Japanese Yen
2025-10-21T15:06:07.983708,EUR/USD,EUR,USD,1.16,0.0001,Euro / US Dollar
2025-10-21T15:06:09.140805,GBP/USD,GBP,USD,1.34,0.0001,British Pound / US Dollar
2025-10-21T15:06:10.316051,USD/JPY,USD,JPY,150.7,0.01,US Dollar / Japanese Yen
2025-10-21T15:06:11.501396,USD/CHF,USD,CHF,0.793,0.0001,US Dollar / Swiss Franc
2025-10-21T15:06:12.682611,AUD/USD,AUD,USD,0.651,0.0001,Australian Dollar / US Dollar
2025-10-21T15:06:13.852227,USD/CAD,USD,CAD,1.4,0.0001,US Dollar / Canadian Dollar
2025-10-21T15:06:15.055485,NZD/USD,NZD,USD,0.574,0.0001,New Zealand Dollar / US Dollar
2025-10-21T15:06:16.259173,EUR/GBP,EUR,GBP,0.869,0.0001,Euro / British Pound
2025-10-21T15:06:17.430253,EUR/JPY,EUR,JPY,175.58,0.01,Euro / Japanese Yen
2025-10-21T15:06:18.648543,GBP/JPY,GBP,JPY,202.1,0.01,British Pound / Japanese Yen
2025-10-21T15:07:19.889600,EUR/USD,EUR,USD,1.16,0.0001,Euro / US Dollar
2025-10-21T15:07:21.061754,GBP/USD,GBP,USD,1.34,0.0001,British Pound / US Dollar
2025-10-21T15:07:22.347156,USD/JPY,USD,JPY,150.7,0.01,US Dollar / Japanese Yen
2025-10-21T15:07:23.576494,USD/CHF,USD,CHF,0.793,0.0001,US Dollar / Swiss Franc
2025-10-21T15:07:24.750118,AUD/USD,AUD,USD,0.651,0.0001,Australian Dollar / US Dollar
2025-10-21T15:07:26.036725,USD/CAD,USD,CAD,1.4,0.0001,US Dollar / Canadian Dollar
2025-10-21T15:07:27.241754,NZD/USD,NZD,USD,0.574,0.0001,New Zealand Dollar / US Dollar
2025-10-21T15:07:28.439132,EUR/GBP,EUR,GBP,0.869,0.0001,Euro / British Pound
2025-10-21T15:07:29.650682,EUR/JPY,EUR,JPY,175.58,0.01,Euro / Japanese Yen
2025-10-21T15:07:30.842717,GBP/JPY,GBP,JPY,202.1,0.01,British Pound / Japanese Yen
2025-10-21T15:08:32.077838,EUR/USD,EUR,USD,1.16,0.0001,Euro / US Dollar
2025-10-21T15:08:33.271165,GBP/USD,GBP,USD,1.34,0.0001,British Pound / US Dollar
2025-10-21T15:08:34.547091,USD/JPY,USD,JPY,150.7,0.01,US Dollar / Japanese Yen
2025-10-21T15:08:35.744049,USD/CHF,USD,CHF,0.793,0.0001,US Dollar / Swiss Franc
2025-10-21T15:08:37.002623,AUD/USD,AUD,USD,0.651,0.0001,Australian Dollar / US Dollar
2025-10-21T15:08:38.241608,USD/CAD,USD,CAD,1.4,0.0001,US Dollar / Canadian Dollar
2025-10-21T15:08:39.451041,NZD/USD,NZD,USD,0.574,0.0001,New Zealand Dollar / US Dollar
2025-10-21T15:08:40.626016,EUR/GBP,EUR,GBP,0.869,0.0001,Euro / British Pound
2025-10-21T15:08:41.902940,EUR/JPY,EUR,JPY,175.58,0.01,Euro / Japanese Yen
2025-10-21T15:08:43.125207,GBP/JPY,GBP,JPY,202.1,0.01,British Pound / Japanese Yen
2025-10-21T15:09:44.315564,EUR/USD,EUR,USD,1.16,0.0001,Euro / US Dollar
2025-10-21T15:09:45.601428,GBP/USD,GBP,USD,1.34,0.0001,British Pound / US Dollar
2025-10-21T15:09:46.796314,USD/JPY,USD,JPY,150.7,0.01,US Dollar / Japanese Yen
2025-10-21T15:09:47.988803,USD/CHF,USD,CHF,0.793,0.0001,US Dollar / Swiss Franc
2025-10-21T15:09:49.279055,AUD/USD,AUD,USD,0.651,0.0001,Australian Dollar / US Dollar
2025-10-21T15:09:50.450200,USD/CAD,USD,CAD,1.4,0.0001,US Dollar / Canadian Dollar
2025-10-21T15:09:51.622283,NZD/USD,NZD,USD,0.574,0.0001,New Zealand Dollar / US Dollar
2025-10-21T15:09:52.852444,EUR/GBP,EUR,GBP,0.869,0.0001,Euro / British Pound
2025-10-21T15:09:54.047025,EUR/JPY,EUR,JPY,175.58,0.01,Euro / Japanese Yen
2025-10-21T15:09:55.255268,GBP/JPY,GBP,JPY,202.1,0.01,British Pound / Japanese Yen
2025-10-21T15:10:56.462823,EUR/USD,EUR,USD,1.16,0.0001,Euro / US Dollar
2025-10-21T15:10:57.689872,GBP/USD,GBP,USD,1.34,0.0001,British Pound / US Dollar
2025-10-21T15:10:59.014723,USD/JPY,USD,JPY,150.7,0.01,US Dollar / Japanese Yen
2025-10-21T15:11:00.244990,USD/CHF,USD,CHF,0.793,0.0001,US Dollar / Swiss Franc
2025-10-21T15:11:01.463268,AUD/USD,AUD,USD,0.651,0.0001,Australian Dollar / US Dollar
2025-10-21T15:11:02.655356,USD/CAD,USD,CAD,1.4,0.0001,US Dollar / Canadian Dollar
2025-10-21T15:11:03.929936,NZD/USD,NZD,USD,0.574,0.0001,New Zealand Dollar / US Dollar
2025-10-21T15:11:05.183590,EUR/GBP,EUR,GBP,0.869,0.0001,Euro / British Pound
2025-10-21T15:11:06.414548,EUR/JPY,EUR,JPY,175.58,0.01,Euro / Japanese Yen
2025-10-21T15:11:07.726914,GBP/JPY,GBP,JPY,202.1,0.01,British Pound / Japanese Yen
2025-10-21T15:12:08.900419,EUR/USD,EUR,USD,1.16,0.0001,Euro / US Dollar
2025-10-21T15:12:10.073782,GBP/USD,GBP,USD,1.34,0.0001,British Pound / US Dollar
2025-10-21T15:12:11.241610,USD/JPY,USD,JPY,150.7,0.01,US Dollar / Japanese Yen
2025-10-21T15:12:12.398859,USD/CHF,USD,CHF,0.793,0.0001,US Dollar / Swiss Franc
2025-10-21T15:12:13.673294,AUD/USD,AUD,USD,0.651,0.0001,Australian Dollar / US Dollar
2025-10-21T15:12:14.887188,USD/CAD,USD,CAD,1.4,0.0001,US Dollar / Canadian Dollar
2025-10-21T15:12:16.074415,NZD/USD,NZD,USD,0.574,0.0001,New Zealand Dollar / US Dollar
2025-10-21T15:12:17.350409,EUR/GBP,EUR,GBP,0.869,0.0001,Euro / British Pound
2025-10-21T15:12:18.505755,EUR/JPY,EUR,JPY,175.58,0.01,Euro / Japanese Yen
2025-10-21T15:12:19.716244,GBP/JPY,GBP,JPY,202.1,0.01,British Pound / Japanese Yen
2025-10-21T15:13:20.932023,EUR/USD,EUR,USD,1.16,0.0001,Euro / US Dollar
2025-10-21T15:13:22.091107,GBP/USD,GBP,USD,1.34,0.0001,British Pound / US Dollar
2025-10-21T15:13:23.263026,USD/JPY,USD,JPY,150.7,0.01,US Dollar / Japanese Yen
2025-10-21T15:13:24.442251,USD/CHF,USD,CHF,0.793,0.0001,US Dollar / Swiss Franc
2025-10-21T15:13:25.623922,AUD/USD,AUD,USD,0.651,0.0001,Australian Dollar / US Dollar
2025-10-21T15:13:26.891206,USD/CAD,USD,CAD,1.4,0.0001,US Dollar / Canadian Dollar
2025-10-21T15:13:28.077851,NZD/USD,NZD,USD,0.574,0.0001,New Zealand Dollar / US Dollar
2025-10-21T15:13:29.248110,EUR/GBP,EUR,GBP,0.869,0.0001,Euro / British Pound
2025-10-21T15:13:30.403791,EUR/JPY,EUR,JPY,175.58,0.01,Euro / Japanese Yen
2025-10-21T15:13:31.588841,GBP/JPY,GBP,JPY,202.1,0.01,British Pound / Japanese Yen
2025-10-21T15:14:32.766020,EUR/USD,EUR,USD,1.16,0.0001,Euro / US Dollar
2025-10-21T15:14:33.950779,GBP/USD,GBP,USD,1.34,0.0001,British Pound / US Dollar
2025-10-21T15:14:35.195470,USD/JPY,USD,JPY,150.7,0.01,US Dollar / Japanese Yen
2025-10-21T15:14:36.411593,USD/CHF,USD,CHF,0.793,0.0001,US Dollar / Swiss Franc
2025-10-21T15:14:37.624376,AUD/USD,AUD,USD,0.651,0.0001,Australian Dollar / US Dollar
2025-10-21T15:14:38.878908,USD/CAD,USD,CAD,1.4,0.0001,US Dollar / Canadian Dollar
2025-10-21T15:14:40.051613,NZD/USD,NZD,USD,0.574,0.0001,New Zealand Dollar / US Dollar
2025-10-21T15:14:41.211112,EUR/GBP,EUR,GBP,0.869,0.0001,Euro / British Pound
2025-10-21T15:14:42.383495,EUR/JPY,EUR,JPY,175.58,0.01,Euro / Japanese Yen
2025-10-21T15:14:43.540801,GBP/JPY,GBP,JPY,202.1,0.01,British Pound / Japanese Yen
2025-10-21T15:15:44.722215,EUR/USD,EUR,USD,1.16,0.0001,Euro / US Dollar
2025-10-21T15:15:45.900931,GBP/USD,GBP,USD,1.34,0.0001,British Pound / US Dollar
2025-10-21T15:15:47.183565,USD/JPY,USD,JPY,150.7,0.01,US Dollar / Japanese Yen
2025-10-21T15:15:48.360261,USD/CHF,USD,CHF,0.793,0.0001,US Dollar / Swiss Franc
2025-10-21T15:15:49.639166,AUD/USD,AUD,USD,0.651,0.0001,Australian Dollar / US Dollar
2025-10-21T15:15:50.809598,USD/CAD,USD,CAD,1.4,0.0001,US Dollar / Canadian Dollar
2025-10-21T15:15:52.001641,NZD/USD,NZD,USD,0.574,0.0001,New Zealand Dollar / US Dollar
2025-10-21T15:15:53.167516,EUR/GBP,EUR,GBP,0.869,0.0001,Euro / British Pound
2025-10-21T15:15:54.331575,EUR/JPY,EUR,JPY,175.58,0.01,Euro / Japanese Yen
2025-10-21T15:15:55.476319,GBP/JPY,GBP,JPY,202.1,0.01,British Pound / Japanese Yen
2025-10-21T15:16:56.713014,EUR/USD,EUR,USD,1.16,0.0001,Euro / US Dollar
2025-10-21T15:16:57.905506,GBP/USD,GBP,USD,1.34,0.0001,British Pound / US Dollar
2025-10-21T15:16:59.107515,USD/JPY,USD,JPY,150.7,0.01,US Dollar / Japanese Yen
2025-10-21T15:17:00.416540,USD/CHF,USD,CHF,0.793,0.0001,US Dollar / Swiss Franc
2025-10-21T15:17:01.634721,AUD/USD,AUD,USD,0.651,0.0001,Australian Dollar / US Dollar
2025-10-21T15:17:02.839139,USD/CAD,USD,CAD,1.4,0.0001,US Dollar / Canadian Dollar
2025-10-21T15:17:04.196821,NZD/USD,NZD,USD,0.574,0.0001,New Zealand Dollar / US Dollar
2025-10-21T15:17:05.390029,EUR/GBP,EUR,GBP,0.869,0.0001,Euro / British Pound
2025-10-21T15:17:06.584886,EUR/JPY,EUR,JPY,175.58,0.01,Euro / Japanese Yen
2025-10-21T15:17:07.789191,GBP/JPY,GBP,JPY,202.1,0.01,British Pound / Japanese Yen
2025-10-21T15:18:09.096769,EUR/USD,EUR,USD,1.16,0.0001,Euro / US Dollar
2025-10-21T15:18:10.248797,GBP/USD,GBP,USD,1.34,0.0001,British Pound / US Dollar
2025-10-21T15:18:11.431393,USD/JPY,USD,JPY,150.7,0.01,US Dollar / Japanese Yen
2025-10-21T15:18:12.598906,USD/CHF,USD,CHF,0.793,0.0001,US Dollar / Swiss Franc
2025-10-21T15:18:13.772420,AUD/USD,AUD,USD,0.651,0.0001,Australian Dollar / US Dollar
2025-10-21T15:18:14.945172,USD/CAD,USD,CAD,1.4,0.0001,US Dollar / Canadian Dollar
2025-10-21T15:18:16.180096,NZD/USD,NZD,USD,0.574,0.0001,New Zealand Dollar / US Dollar
2025-10-21T15:18:17.395101,EUR/GBP,EUR,GBP,0.869,0.0001,Euro / British Pound
2025-10-21T15:18:18.603019,EUR/JPY,EUR,JPY,175.58,0.01,Euro / Japanese Yen
2025-10-21T15:18:19.767379,GBP/JPY,GBP,JPY,202.1,0.01,British Pound / Japanese Yen
2025-10-21T15:19:20.995781,EUR/USD,EUR,USD,1.16,0.0001,Euro / US Dollar
2025-10-21T15:19:22.153868,GBP/USD,GBP,USD,1.34,0.0001,British Pound / US Dollar
2025-10-21T15:19:23.336513,USD/JPY,USD,JPY,150.7,0.01,US Dollar / Japanese Yen
2025-10-21T15:19:24.517833,USD/CHF,USD,CHF,0.793,0.0001,US Dollar / Swiss Franc
2025-10-21T15:19:25.808301,AUD/USD,AUD,USD,0.651,0.0001,Australian Dollar / US Dollar
2025-10-21T15:19:27.140992,USD/CAD,USD,CAD,1.4,0.0001,US Dollar / Canadian Dollar
2025-10-21T15:19:28.337081,NZD/USD,NZD,USD,0.574,0.0001,New Zealand Dollar / US Dollar
2025-10-21T15:19:29.595620,EUR/GBP,EUR,GBP,0.869,0.0001,Euro / British Pound
2025-10-21T15:19:30.827250,EUR/JPY,EUR,JPY,175.58,0.01,Euro / Japanese Yen
2025-10-21T15:19:31.989401,GBP/JPY,GBP,JPY,202.1,0.01,British Pound / Japanese Yen
2025-10-21T15:20:33.187728,EUR/USD,EUR,USD,1.16,0.0001,Euro / US Dollar
2025-10-21T15:20:34.411653,GBP/USD,GBP,USD,1.34,0.0001,British Pound / US Dollar
2025-10-21T15:20:35.592376,USD/JPY,USD,JPY,150.7,0.01,US Dollar / Japanese Yen
2025-10-21T15:20:36.777761,USD/CHF,USD,CHF,0.793,0.0001,US Dollar / Swiss Franc
2025-10-21T15:20:37.986974,AUD/USD,AUD,USD,0.651,0.0001,Australian Dollar / US Dollar
2025-10-21T15:20:39.231607,USD/CAD,USD,CAD,1.4,0.0001,US Dollar / Canadian Dollar
2025-10-21T15:20:40.427132,NZD/USD,NZD,USD,0.574,0.0001,New Zealand Dollar / US Dollar
2025-10-21T15:20:41.581164,EUR/GBP,EUR,GBP,0.869,0.0001,Euro / British Pound
2025-10-21T15:20:42.817750,EUR/JPY,EUR,JPY,175.58,0.01,Euro / Japanese Yen
2025-10-21T15:20:44.000267,GBP/JPY,GBP,JPY,202.1,0.01,British Pound / Japanese Yen
2025-10-21T15:21:45.177471,EUR/USD,EUR,USD,1.16,0.0001,Euro / US Dollar
2025-10-21T15:21:46.405972,GBP/USD,GBP,USD,1.34,0.0001,British Pound / US Dollar
2025-10-21T15:21:47.635854,USD/JPY,USD,JPY,150.7,0.01,US Dollar / Japanese Yen
2025-10-21T15:21:48.812788,USD/CHF,USD,CHF,0.793,0.0001,US Dollar / Swiss Franc
2025-10-21T15:21:49.983740,AUD/USD,AUD,USD,0.651,0.0001,Australian Dollar / US Dollar
2025-10-21T15:21:51.221874,USD/CAD,USD,CAD,1.4,0.0001,US Dollar / Canadian Dollar
2025-10-21T15:21:52.438933,NZD/USD,NZD,USD,0.574,0.0001,New Zealand Dollar / US Dollar
2025-10-21T15:21:53.679828,EUR/GBP,EUR,GBP,0.869,0.0001,Euro / British Pound
2025-10-21T15:21:54.852228,EUR/JPY,EUR,JPY,175.58,0.01,Euro / Japanese Yen
2025-10-21T15:21:56.033720,GBP/JPY,GBP,JPY,202.1,0.01,British Pound / Japanese Yen
2025-10-21T15:22:57.266393,EUR/USD,EUR,USD,1.16,0.0001,Euro / US Dollar
2025-10-21T15:22:58.430441,GBP/USD,GBP,USD,1.34,0.0001,British Pound / US Dollar
2025-10-21T15:22:59.590765,USD/JPY,USD,JPY,150.7,0.01,US Dollar / Japanese Yen
2025-10-21T15:23:00.843251,USD/CHF,USD,CHF,0.793,0.0001,US Dollar / Swiss Franc
2025-10-21T15:23:02.043279,AUD/USD,AUD,USD,0.651,0.0001,Australian Dollar / US Dollar
2025-10-21T15:23:03.249014,USD/CAD,USD,CAD,1.4,0.0001,US Dollar / Canadian Dollar
2025-10-21T15:23:04.424020,NZD/USD,NZD,USD,0.574,0.0001,New Zealand Dollar / US Dollar
2025-10-21T15:23:05.663526,EUR/GBP,EUR,GBP,0.869,0.0001,Euro / British Pound
2025-10-21T15:23:06.892990,EUR/JPY,EUR,JPY,175.58,0.01,Euro / Japanese Yen
2025-10-21T15:23:08.226847,GBP/JPY,GBP,JPY,202.1,0.01,British Pound / Japanese Yen
2025-10-21T15:24:09.458599,EUR/USD,EUR,USD,1.16,0.0001,Euro / US Dollar
2025-10-21T15:24:10.648120,GBP/USD,GBP,USD,1.34,0.0001,British Pound / US Dollar
2025-10-21T15:24:11.911855,USD/JPY,USD,JPY,150.7,0.01,US Dollar / Japanese Yen
2025-10-21T15:24:13.077241,USD/CHF,USD,CHF,0.793,0.0001,US Dollar / Swiss Franc
2025-10-21T15:24:14.279862,AUD/USD,AUD,USD,0.651,0.0001,Australian Dollar / US Dollar
2025-10-21T15:24:15.450859,USD/CAD,USD,CAD,1.4,0.0001,US Dollar / Canadian Dollar
2025-10-21T15:24:16.634067,NZD/USD,NZD,USD,0.574,0.0001,New Zealand Dollar / US Dollar
2025-10-21T15:24:17.817730,EUR/GBP,EUR,GBP,0.869,0.0001,Euro / British Pound
2025-10-21T15:24:18.999566,EUR/JPY,EUR,JPY,175.58,0.01,Euro / Japanese Yen
2025-10-21T15:24:20.224632,GBP/JPY,GBP,JPY,202.1,0.01,British Pound / Japanese Yen
2025-10-21T15:25:21.433154,EUR/USD,EUR,USD,1.16,0.0001,Euro / US Dollar
2025-10-21T15:25:22.669879,GBP/USD,GBP,USD,1.34,0.0001,British Pound / US Dollar
2025-10-21T15:25:23.825971,USD/JPY,USD,JPY,150.7,0.01,US Dollar / Japanese Yen
2025-10-21T15:25:25.024099,USD/CHF,USD,CHF,0.793,0.0001,US Dollar / Swiss Franc
2025-10-21T15:25:26.210509,AUD/USD,AUD,USD,0.651,0.0001,Australian Dollar / US Dollar
2025-10-21T15:25:27.486892,USD/CAD,USD,CAD,1.4,0.0001,US Dollar / Canadian Dollar
2025-10-21T15:25:28.651231,NZD/USD,NZD,USD,0.574,0.0001,New Zealand Dollar / US Dollar
2025-10-21T15:25:29.843412,EUR/GBP,EUR,GBP,0.869,0.0001,Euro / British Pound
2025-10-21T15:25:31.022303,EUR/JPY,EUR,JPY,175.58,0.01,Euro / Japanese Yen
2025-10-21T15:25:32.211169,GBP/JPY,GBP,JPY,202.1,0.01,British Pound / Japanese Yen
2025-10-21T15:26:33.550976,EUR/USD,EUR,USD,1.16,0.0001,Euro / US Dollar
2025-10-21T15:26:34.776508,GBP/USD,GBP,USD,1.34,0.0001,British Pound / US Dollar
2025-10-21T15:26:36.003752,USD/JPY,USD,JPY,150.7,0.01,US Dollar / Japanese Yen
2025-10-21T15:26:37.223103,USD/CHF,USD,CHF,0.793,0.0001,US Dollar / Swiss Franc
2025-10-21T15:26:38.440140,AUD/USD,AUD,USD,0.651,0.0001,Australian Dollar / US Dollar
2025-10-21T15:26:39.617365,USD/CAD,USD,CAD,1.4,0.0001,US Dollar / Canadian Dollar
2025-10-21T15:26:40.799571,NZD/USD,NZD,USD,0.574,0.0001,New Zealand Dollar / US Dollar
2025-10-21T15:26:42.029324,EUR/GBP,EUR,GBP,0.869,0.0001,Euro / British Pound
2025-10-21T15:26:43.269792,EUR/JPY,EUR,JPY,175.58,0.01,Euro / Japanese Yen
2025-10-21T15:26:44.443111,GBP/JPY,GBP,JPY,202.1,0.01,British Pound / Japanese Yen
2025-10-21T15:27:45.641991,EUR/USD,EUR,USD,1.16,0.0001,Euro / US Dollar
2025-10-21T15:27:46.839065,GBP/USD,GBP,USD,1.34,0.0001,British Pound / US Dollar
2025-10-21T15:27:48.197495,USD/JPY,USD,JPY,150.7,0.01,US Dollar / Japanese Yen
2025-10-21T15:27:49.409865,USD/CHF,USD,CHF,0.793,0.0001,US Dollar / Swiss Franc
2025-10-21T15:27:50.605039,AUD/USD,AUD,USD,0.651,0.0001,Australian Dollar / US Dollar
2025-10-21T15:27:51.839975,USD/CAD,USD,CAD,1.4,0.0001,US Dollar / Canadian Dollar
2025-10-21T15:27:53.006975,NZD/USD,NZD,USD,0.574,0.0001,New Zealand Dollar / US Dollar
2025-10-21T15:27:54.237012,EUR/GBP,EUR,GBP,0.869,0.0001,Euro / British Pound
2025-10-21T15:27:55.436811,EUR/JPY,EUR,JPY,175.58,0.01,Euro / Japanese Yen
2025-10-21T15:27:56.690884,GBP/JPY,GBP,JPY,202.1,0.01,British Pound / Japanese Yen
2025-10-21T15:28:58.014333,EUR/USD,EUR,USD,1.16,0.0001,Euro / US Dollar
2025-10-21T15:28:59.252085,GBP/USD,GBP,USD,1.34,0.0001,British Pound / US Dollar
2025-10-21T15:29:00.479400,USD/JPY,USD,JPY,150.7,0.01,US Dollar / Japanese Yen
2025-10-21T15:29:01.669517,USD/CHF,USD,CHF,0.793,0.0001,US Dollar / Swiss Franc
2025-10-21T15:29:02.939109,AUD/USD,AUD,USD,0.651,0.0001,Australian Dollar / US Dollar
2025-10-21T15:29:04.176937,USD/CAD,USD,CAD,1.4,0.0001,US Dollar / Canadian Dollar
2025-10-21T15:29:05.396534,NZD/USD,NZD,USD,0.574,0.0001,New Zealand Dollar / US Dollar
2025-10-21T15:29:06.633337,EUR/GBP,EUR,GBP,0.869,0.0001,Euro / British Pound
2025-10-21T15:29:07.827729,EUR/JPY,EUR,JPY,175.58,0.01,Euro / Japanese Yen
2025-10-21T15:29:09.014917,GBP/JPY,GBP,JPY,202.1,0.01,British Pound / Japanese Yen
2025-10-21T15:30:10.217978,EUR/USD,EUR,USD,1.16,0.0001,Euro / US Dollar
2025-10-21T15:30:11.445096,GBP/USD,GBP,USD,1.34,0.0001,British Pound / US Dollar
2025-10-21T15:30:12.678173,USD/JPY,USD,JPY,150.7,0.01,US Dollar / Japanese Yen
2025-10-21T15:30:13.892943,USD/CHF,USD,CHF,0.793,0.0001,US Dollar / Swiss Franc
2025-10-21T15:30:15.113006,AUD/USD,AUD,USD,0.651,0.0001,Australian Dollar / US Dollar
2025-10-21T15:30:16.268273,USD/CAD,USD,CAD,1.4,0.0001,US Dollar / Canadian Dollar
2025-10-21T15:30:17.441013,NZD/USD,NZD,USD,0.574,0.0001,New Zealand Dollar / US Dollar
2025-10-21T15:30:18.720341,EUR/GBP,EUR,GBP,0.869,0.0001,Euro / British Pound
2025-10-21T15:30:19.950089,EUR/JPY,EUR,JPY,175.58,0.01,Euro / Japanese Yen
2025-10-21T15:30:21.161824,GBP/JPY,GBP,JPY,202.1,0.01,British Pound / Japanese Yen
2025-10-21T15:31:22.353064,EUR/USD,EUR,USD,1.16,0.0001,Euro / US Dollar
2025-10-21T15:31:23.644226,GBP/USD,GBP,USD,1.34,0.0001,British Pound / US Dollar
2025-10-21T15:31:24.828162,USD/JPY,USD,JPY,150.7,0.01,US Dollar / Japanese Yen
2025-10-21T15:31:26.196703,USD/CHF,USD,CHF,0.793,0.0001,US Dollar / Swiss Franc
2025-10-21T15:31:27.372272,AUD/USD,AUD,USD,0.651,0.0001,Australian Dollar / US Dollar
2025-10-21T15:31:28.555921,USD/CAD,USD,CAD,1.4,0.0001,US Dollar / Canadian Dollar
2025-10-21T15:31:29.790396,NZD/USD,NZD,USD,0.574,0.0001,New Zealand Dollar / US Dollar
2025-10-21T15:31:31.006595,EUR/GBP,EUR,GBP,0.869,0.0001,Euro / British Pound
2025-10-21T15:31:32.245344,EUR/JPY,EUR,JPY,175.58,0.01,Euro / Japanese Yen
2025-10-21T15:31:33.401065,GBP/JPY,GBP,JPY,202.1,0.01,British Pound / Japanese Yen
2025-10-21T15:32:34.591044,EUR/USD,EUR,USD,1.16,0.0001,Euro / US Dollar
2025-10-21T15:32:35.837164,GBP/USD,GBP,USD,1.34,0.0001,British Pound / US Dollar
2025-10-21T15:32:37.022055,USD/JPY,USD,JPY,150.7,0.01,US Dollar / Japanese Yen
2025-10-21T15:32:38.193955,USD/CHF,USD,CHF,0.793,0.0001,US Dollar / Swiss Franc
2025-10-21T15:32:39.400276,AUD/USD,AUD,USD,0.651,0.0001,Australian Dollar / US Dollar
2025-10-21T15:32:40.579155,USD/CAD,USD,CAD,1.4,0.0001,US Dollar / Canadian Dollar
2025-10-21T15:32:41.775983,NZD/USD,NZD,USD,0.574,0.0001,New Zealand Dollar / US Dollar
2025-10-21T15:32:42.951020,EUR/GBP,EUR,GBP,0.869,0.0001,Euro / British Pound
2025-10-21T15:32:44.234402,EUR/JPY,EUR,JPY,175.58,0.01,Euro / Japanese Yen
2025-10-21T15:32:45.455639,GBP/JPY,GBP,JPY,202.1,0.01,British Pound / Japanese Yen
2025-10-21T15:33:46.649446,EUR/USD,EUR,USD,1.16,0.0001,Euro / US Dollar
2025-10-21T15:33:47.908421,GBP/USD,GBP,USD,1.34,0.0001,British Pound / US Dollar
2025-10-21T15:33:49.080225,USD/JPY,USD,JPY,150.7,0.01,US Dollar / Japanese Yen
2025-10-21T15:33:50.237354,USD/CHF,USD,CHF,0.793,0.0001,US Dollar / Swiss Franc
2025-10-21T15:33:51.410961,AUD/USD,AUD,USD,0.651,0.0001,Australian Dollar / US Dollar
2025-10-21T15:33:52.575800,USD/CAD,USD,CAD,1.4,0.0001,US Dollar / Canadian Dollar
2025-10-21T15:33:53.765645,NZD/USD,NZD,USD,0.574,0.0001,New Zealand Dollar / US Dollar
2025-10-21T15:33:54.951266,EUR/GBP,EUR,GBP,0.869,0.0001,Euro / British Pound
2025-10-21T15:33:56.109626,EUR/JPY,EUR,JPY,175.58,0.01,Euro / Japanese Yen
2025-10-21T15:33:57.334585,GBP/JPY,GBP,JPY,202.1,0.01,British Pound / Japanese Yen
2025-10-21T15:34:58.516588,EUR/USD,EUR,USD,1.16,0.0001,Euro / US Dollar
2025-10-21T15:34:59.710578,GBP/USD,GBP,USD,1.34,0.0001,British Pound / US Dollar
2025-10-21T15:35:00.894527,USD/JPY,USD,JPY,150.7,0.01,US Dollar / Japanese Yen
2025-10-21T15:35:02.167103,USD/CHF,USD,CHF,0.793,0.0001,US Dollar / Swiss Franc
2025-10-21T15:35:03.397031,AUD/USD,AUD,USD,0.651,0.0001,Australian Dollar / US Dollar
2025-10-21T15:35:04.628067,USD/CAD,USD,CAD,1.4,0.0001,US Dollar / Canadian Dollar
2025-10-21T15:35:05.809060,NZD/USD,NZD,USD,0.574,0.0001,New Zealand Dollar / US Dollar
2025-10-21T15:35:06.977634,EUR/GBP,EUR,GBP,0.869,0.0001,Euro / British Pound
2025-10-21T15:35:08.210104,EUR/JPY,EUR,JPY,175.58,0.01,Euro / Japanese Yen
2025-10-21T15:35:09.426517,GBP/JPY,GBP,JPY,202.1,0.01,British Pound / Japanese Yen
2025-10-21T15:36:10.670313,EUR/USD,EUR,USD,1.16,0.0001,Euro / US Dollar
2025-10-21T15:36:11.839099,GBP/USD,GBP,USD,1.34,0.0001,British Pound / US Dollar
2025-10-21T15:36:13.116145,USD/JPY,USD,JPY,150.7,0.01,US Dollar / Japanese Yen
2025-10-21T15:36:14.288862,USD/CHF,USD,CHF,0.793,0.0001,US Dollar / Swiss Franc
2025-10-21T15:36:15.572223,AUD/USD,AUD,USD,0.651,0.0001,Australian Dollar / US Dollar
2025-10-21T15:36:16.744331,USD/CAD,USD,CAD,1.4,0.0001,US Dollar / Canadian Dollar
2025-10-21T15:36:17.922617,NZD/USD,NZD,USD,0.574,0.0001,New Zealand Dollar / US Dollar
2025-10-21T15:36:19.153984,EUR/GBP,EUR,GBP,0.869,0.0001,Euro / British Pound
2025-10-21T15:36:20.375149,EUR/JPY,EUR,JPY,175.58,0.01,Euro / Japanese Yen
2025-10-21T15:36:21.615601,GBP/JPY,GBP,JPY,202.1,0.01,British Pound / Japanese Yen
2025-10-21T15:37:22.819114,EUR/USD,EUR,USD,1.16,0.0001,Euro / US Dollar
2025-10-21T15:37:23.982827,GBP/USD,GBP,USD,1.34,0.0001,British Pound / US Dollar
2025-10-21T15:37:25.221980,USD/JPY,USD,JPY,150.7,0.01,US Dollar / Japanese Yen
2025-10-21T15:37:26.442034,USD/CHF,USD,CHF,0.793,0.0001,US Dollar / Swiss Franc
2025-10-21T15:37:27.592336,AUD/USD,AUD,USD,0.651,0.0001,Australian Dollar / US Dollar
2025-10-21T15:37:28.805107,USD/CAD,USD,CAD,1.4,0.0001,US Dollar / Canadian Dollar
2025-10-21T15:37:30.001125,NZD/USD,NZD,USD,0.574,0.0001,New Zealand Dollar / US Dollar
2025-10-21T15:37:31.264499,EUR/GBP,EUR,GBP,0.869,0.0001,Euro / British Pound
2025-10-21T15:37:32.441156,EUR/JPY,EUR,JPY,175.58,0.01,Euro / Japanese Yen
2025-10-21T15:37:33.719702,GBP/JPY,GBP,JPY,202.1,0.01,British Pound / Japanese Yen
2025-10-21T15:38:34.942225,EUR/USD,EUR,USD,1.16,0.0001,Euro / US Dollar
2025-10-21T15:38:36.183928,GBP/USD,GBP,USD,1.34,0.0001,British Pound / US Dollar
2025-10-21T15:38:37.393521,USD/JPY,USD,JPY,150.7,0.01,US Dollar / Japanese Yen
2025-10-21T15:38:38.641855,USD/CHF,USD,CHF,0.793,0.0001,US Dollar / Swiss Franc
2025-10-21T15:38:39.859863,AUD/USD,AUD,USD,0.651,0.0001,Australian Dollar / US Dollar
2025-10-21T15:38:41.077940,USD/CAD,USD,CAD,1.4,0.0001,US Dollar / Canadian Dollar
2025-10-21T15:38:42.314646,NZD/USD,NZD,USD,0.574,0.0001,New Zealand Dollar / US Dollar
2025-10-21T15:38:43.560004,EUR/GBP,EUR,GBP,0.869,0.0001,Euro / British Pound
2025-10-21T15:38:44.723994,EUR/JPY,EUR,JPY,175.58,0.01,Euro / Japanese Yen
2025-10-21T15:38:45.909762,GBP/JPY,GBP,JPY,202.1,0.01,British Pound / Japanese Yen
2025-10-21T15:39:47.081165,EUR/USD,EUR,USD,1.16,0.0001,Euro / US Dollar
2025-10-21T15:39:48.244261,GBP/USD,GBP,USD,1.34,0.0001,British Pound / US Dollar
2025-10-21T15:39:49.421736,USD/JPY,USD,JPY,150.7,0.01,US Dollar / Japanese Yen
2025-10-21T15:39:50.572205,USD/CHF,USD,CHF,0.793,0.0001,US Dollar / Swiss Franc
2025-10-21T15:39:51.754144,AUD/USD,AUD,USD,0.651,0.0001,Australian Dollar / US Dollar
2025-10-21T15:39:52.970452,USD/CAD,USD,CAD,1.4,0.0001,US Dollar / Canadian Dollar
2025-10-21T15:39:54.152156,NZD/USD,NZD,USD,0.574,0.0001,New Zealand Dollar / US Dollar
2025-10-21T15:39:55.325539,EUR/GBP,EUR,GBP,0.869,0.0001,Euro / British Pound
2025-10-21T15:39:56.577196,EUR/JPY,EUR,JPY,175.58,0.01,Euro / Japanese Yen
2025-10-21T15:39:57.759064,GBP/JPY,GBP,JPY,202.1,0.01,British Pound / Japanese Yen
2025-10-21T15:40:59.031692,EUR/USD,EUR,USD,1.16,0.0001,Euro / US Dollar
2025-10-21T15:41:00.249448,GBP/USD,GBP,USD,1.34,0.0001,British Pound / US Dollar
2025-10-21T15:41:01.430469,USD/JPY,USD,JPY,150.7,0.01,US Dollar / Japanese Yen
2025-10-21T15:41:02.602704,USD/CHF,USD,CHF,0.793,0.0001,US Dollar / Swiss Franc
2025-10-21T15:41:03.838078,AUD/USD,AUD,USD,0.651,0.0001,Australian Dollar / US Dollar
2025-10-21T15:41:05.031136,USD/CAD,USD,CAD,1.4,0.0001,US Dollar / Canadian Dollar
2025-10-21T15:41:06.240766,NZD/USD,NZD,USD,0.574,0.0001,New Zealand Dollar / US Dollar
2025-10-21T15:41:07.442118,EUR/GBP,EUR,GBP,0.869,0.0001,Euro / British Pound
2025-10-21T15:41:08.729536,EUR/JPY,EUR,JPY,175.58,0.01,Euro / Japanese Yen
2025-10-21T15:41:09.901872,GBP/JPY,GBP,JPY,202.1,0.01,British Pound / Japanese Yen
2025-10-21T15:42:11.122624,EUR/USD,EUR,USD,1.16,0.0001,Euro / US Dollar
2025-10-21T15:42:12.346246,GBP/USD,GBP,USD,1.34,0.0001,British Pound / US Dollar
2025-10-21T15:42:13.569056,USD/JPY,USD,JPY,150.7,0.01,US Dollar / Japanese Yen
2025-10-21T15:42:14.747610,USD/CHF,USD,CHF,0.793,0.0001,US Dollar / Swiss Franc
2025-10-21T15:42:16.031113,AUD/USD,AUD,USD,0.651,0.0001,Australian Dollar / US Dollar
2025-10-21T15:42:17.269926,USD/CAD,USD,CAD,1.4,0.0001,US Dollar / Canadian Dollar
2025-10-21T15:42:18.466465,NZD/USD,NZD,USD,0.574,0.0001,New Zealand Dollar / US Dollar
2025-10-21T15:42:19.633992,EUR/GBP,EUR,GBP,0.869,0.0001,Euro / British Pound
2025-10-21T15:42:20.792086,EUR/JPY,EUR,JPY,175.58,0.01,Euro / Japanese Yen
2025-10-21T15:42:21.981944,GBP/JPY,GBP,JPY,202.1,0.01,British Pound / Japanese Yen
2025-10-21T15:43:23.212318,EUR/USD,EUR,USD,1.16,0.0001,Euro / US Dollar
2025-10-21T15:43:24.429326,GBP/USD,GBP,USD,1.34,0.0001,British Pound / US Dollar
2025-10-21T15:43:25.623467,USD/JPY,USD,JPY,150.7,0.01,US Dollar / Japanese Yen
2025-10-21T15:43:26.891671,USD/CHF,USD,CHF,0.793,0.0001,US Dollar / Swiss Franc
2025-10-21T15:43:28.129089,AUD/USD,AUD,USD,0.651,0.0001,Australian Dollar / US Dollar
2025-10-21T15:43:29.454721,USD/CAD,USD,CAD,1.4,0.0001,US Dollar / Canadian Dollar
2025-10-21T15:43:30.690240,NZD/USD,NZD,USD,0.574,0.0001,New Zealand Dollar / US Dollar
2025-10-21T15:43:31.877279,EUR/GBP,EUR,GBP,0.869,0.0001,Euro / British Pound
2025-10-21T15:43:33.140132,EUR/JPY,EUR,JPY,175.58,0.01,Euro / Japanese Yen
2025-10-21T15:43:34.368373,GBP/JPY,GBP,JPY,202.1,0.01,British Pound / Japanese Yen
2025-10-21T15:44:35.609812,EUR/USD,EUR,USD,1.16,0.0001,Euro / US Dollar
2025-10-21T15:44:36.784471,GBP/USD,GBP,USD,1.34,0.0001,British Pound / US Dollar
2025-10-21T15:44:37.962529,USD/JPY,USD,JPY,150.7,0.01,US Dollar / Japanese Yen
2025-10-21T15:44:39.194178,USD/CHF,USD,CHF,0.793,0.0001,US Dollar / Swiss Franc
2025-10-21T15:44:40.404354,AUD/USD,AUD,USD,0.651,0.0001,Australian Dollar / US Dollar
2025-10-21T15:44:41.650515,USD/CAD,USD,CAD,1.4,0.0001,US Dollar / Canadian Dollar
2025-10-21T15:44:42.879596,NZD/USD,NZD,USD,0.574,0.0001,New Zealand Dollar / US Dollar
2025-10-21T15:44:44.050822,EUR/GBP,EUR,GBP,0.869,0.0001,Euro / British Pound
2025-10-21T15:44:45.223082,EUR/JPY,EUR,JPY,175.58,0.01,Euro / Japanese Yen
2025-10-21T15:44:46.461690,GBP/JPY,GBP,JPY,202.1,0.01,British Pound / Japanese Yen
2025-10-21T15:45:47.657851,EUR/USD,EUR,USD,1.16,0.0001,Euro / US Dollar
2025-10-21T15:45:48.932851,GBP/USD,GBP,USD,1.34,0.0001,British Pound / US Dollar
2025-10-21T15:45:50.141921,USD/JPY,USD,JPY,150.7,0.01,US Dollar / Japanese Yen
2025-10-21T15:45:51.389638,USD/CHF,USD,CHF,0.793,0.0001,US Dollar / Swiss Franc
2025-10-21T15:45:52.618785,AUD/USD,AUD,USD,0.651,0.0001,Australian Dollar / US Dollar
2025-10-21T15:45:53.785833,USD/CAD,USD,CAD,1.4,0.0001,US Dollar / Canadian Dollar
2025-10-21T15:45:54.970534,NZD/USD,NZD,USD,0.574,0.0001,New Zealand Dollar / US Dollar
2025-10-21T15:45:56.212011,EUR/GBP,EUR,GBP,0.869,0.0001,Euro / British Pound
2025-10-21T15:45:57.416784,EUR/JPY,EUR,JPY,175.58,0.01,Euro / Japanese Yen
2025-10-21T15:45:58.656115,GBP/JPY,GBP,JPY,202.1,0.01,British Pound / Japanese Yen
2025-10-21T15:46:59.891855,EUR/USD,EUR,USD,1.16,0.0001,Euro / US Dollar
2025-10-21T15:47:01.225974,GBP/USD,GBP,USD,1.34,0.0001,British Pound / US Dollar
2025-10-21T15:47:02.458464,USD/JPY,USD,JPY,150.7,0.01,US Dollar / Japanese Yen
2025-10-21T15:47:03.617966,USD/CHF,USD,CHF,0.793,0.0001,US Dollar / Swiss Franc
2025-10-21T15:47:04.805364,AUD/USD,AUD,USD,0.651,0.0001,Australian Dollar / US Dollar
2025-10-21T15:47:06.025225,USD/CAD,USD,CAD,1.4,0.0001,US Dollar / Canadian Dollar
2025-10-21T15:47:07.267463,NZD/USD,NZD,USD,0.574,0.0001,New Zealand Dollar / US Dollar
2025-10-21T15:47:08.491669,EUR/GBP,EUR,GBP,0.869,0.0001,Euro / British Pound
2025-10-21T15:47:09.684484,EUR/JPY,EUR,JPY,175.58,0.01,Euro / Japanese Yen
2025-10-21T15:47:10.854120,GBP/JPY,GBP,JPY,202.1,0.01,British Pound / Japanese Yen
2025-10-21T15:48:12.020291,EUR/USD,EUR,USD,1.16,0.0001,Euro / US Dollar
2025-10-21T15:48:13.174865,GBP/USD,GBP,USD,1.34,0.0001,British Pound / US Dollar
2025-10-21T15:48:14.431671,USD/JPY,USD,JPY,150.7,0.01,US Dollar / Japanese Yen
2025-10-21T15:48:15.773276,USD/CHF,USD,CHF,0.793,0.0001,US Dollar / Swiss Franc
2025-10-21T15:48:16.983795,AUD/USD,AUD,USD,0.651,0.0001,Australian Dollar / US Dollar
2025-10-21T15:48:18.147195,USD/CAD,USD,CAD,1.4,0.0001,US Dollar / Canadian Dollar
2025-10-21T15:48:19.319541,NZD/USD,NZD,USD,0.574,0.0001,New Zealand Dollar / US Dollar
2025-10-21T15:48:20.590951,EUR/GBP,EUR,GBP,0.869,0.0001,Euro / British Pound
2025-10-21T15:48:21.782196,EUR/JPY,EUR,JPY,175.58,0.01,Euro / Japanese Yen
2025-10-21T15:48:22.981093,GBP/JPY,GBP,JPY,202.1,0.01,British Pound / Japanese Yen
2025-10-21T15:49:24.172801,EUR/USD,EUR,USD,1.16,0.0001,Euro / US Dollar
2025-10-21T15:49:25.404681,GBP/USD,GBP,USD,1.34,0.0001,British Pound / US Dollar
2025-10-21T15:49:26.563866,USD/JPY,USD,JPY,150.7,0.01,US Dollar / Japanese Yen
2025-10-21T15:49:27.760130,USD/CHF,USD,CHF,0.793,0.0001,US Dollar / Swiss Franc
2025-10-21T15:49:28.988429,AUD/USD,AUD,USD,0.651,0.0001,Australian Dollar / US Dollar
2025-10-21T15:49:30.166908,USD/CAD,USD,CAD,1.4,0.0001,US Dollar / Canadian Dollar
2025-10-21T15:49:31.390301,NZD/USD,NZD,USD,0.574,0.0001,New Zealand Dollar / US Dollar
2025-10-21T15:49:32.555262,EUR/GBP,EUR,GBP,0.869,0.0001,Euro / British Pound
2025-10-21T15:49:33.801388,EUR/JPY,EUR,JPY,175.58,0.01,Euro / Japanese Yen
2025-10-21T15:49:34.988125,GBP/JPY,GBP,JPY,202.1,0.01,British Pound / Japanese Yen
2025-10-21T15:50:36.193733,EUR/USD,EUR,USD,1.16,0.0001,Euro / US Dollar
2025-10-21T15:50:37.380084,GBP/USD,GBP,USD,1.34,0.0001,British Pound / US Dollar
2025-10-21T15:50:38.546782,USD/JPY,USD,JPY,150.7,0.01,US Dollar / Japanese Yen
2025-10-21T15:50:39.747700,USD/CHF,USD,CHF,0.793,0.0001,US Dollar / Swiss Franc
2025-10-21T15:50:40.962015,AUD/USD,AUD,USD,0.651,0.0001,Australian Dollar / US Dollar
2025-10-21T15:50:42.154600,USD/CAD,USD,CAD,1.4,0.0001,US Dollar / Canadian Dollar
2025-10-21T15:50:43.419903,NZD/USD,NZD,USD,0.574,0.0001,New Zealand Dollar / US Dollar
2025-10-21T15:50:44.574215,EUR/GBP,EUR,GBP,0.869,0.0001,Euro / British Pound
2025-10-21T15:50:45.789789,EUR/JPY,EUR,JPY,175.58,0.01,Euro / Japanese Yen
2025-10-21T15:50:47.007712,GBP/JPY,GBP,JPY,202.1,0.01,British Pound / Japanese Yen
2025-10-21T15:51:48.241764,EUR/USD,EUR,USD,1.16,0.0001,Euro / US Dollar
2025-10-21T15:51:49.411179,GBP/USD,GBP,USD,1.34,0.0001,British Pound / US Dollar
2025-10-21T15:51:50.560646,USD/JPY,USD,JPY,150.7,0.01,US Dollar / Japanese Yen
2025-10-21T15:51:51.745140,USD/CHF,USD,CHF,0.793,0.0001,US Dollar / Swiss Franc
2025-10-21T15:51:52.909768,AUD/USD,AUD,USD,0.651,0.0001,Australian Dollar / US Dollar
2025-10-21T15:51:54.089825,USD/CAD,USD,CAD,1.4,0.0001,US Dollar / Canadian Dollar
2025-10-21T15:51:55.297629,NZD/USD,NZD,USD,0.574,0.0001,New Zealand Dollar / US Dollar
2025-10-21T15:51:56.545273,EUR/GBP,EUR,GBP,0.869,0.0001,Euro / British Pound
2025-10-21T15:51:57.765140,EUR/JPY,EUR,JPY,175.58,0.01,Euro / Japanese Yen
2025-10-21T15:51:58.942836,GBP/JPY,GBP,JPY,202.1,0.01,British Pound / Japanese Yen
2025-10-21T15:53:00.227852,EUR/USD,EUR,USD,1.16,0.0001,Euro / US Dollar
2025-10-21T15:53:01.415343,GBP/USD,GBP,USD,1.34,0.0001,British Pound / US Dollar
2025-10-21T15:53:02.697623,USD/JPY,USD,JPY,150.7,0.01,US Dollar / Japanese Yen
2025-10-21T15:53:03.925470,USD/CHF,USD,CHF,0.793,0.0001,US Dollar / Swiss Franc
2025-10-21T15:53:05.153997,AUD/USD,AUD,USD,0.651,0.0001,Australian Dollar / US Dollar
2025-10-21T15:53:06.367737,USD/CAD,USD,CAD,1.4,0.0001,US Dollar / Canadian Dollar
2025-10-21T15:53:07.545947,NZD/USD,NZD,USD,0.574,0.0001,New Zealand Dollar / US Dollar
2025-10-21T15:53:08.737991,EUR/GBP,EUR,GBP,0.869,0.0001,Euro / British Pound
2025-10-21T15:53:09.968871,EUR/JPY,EUR,JPY,175.58,0.01,Euro / Japanese Yen
2025-10-21T15:53:11.201765,GBP/JPY,GBP,JPY,202.1,0.01,British Pound / Japanese Yen
2025-10-21T15:54:12.413228,EUR/USD,EUR,USD,1.16,0.0001,Euro / US Dollar
2025-10-21T15:54:13.655405,GBP/USD,GBP,USD,1.34,0.0001,British Pound / US Dollar
2025-10-21T15:54:14.870795,USD/JPY,USD,JPY,150.7,0.01,US Dollar / Japanese Yen
2025-10-21T15:54:16.023764,USD/CHF,USD,CHF,0.793,0.0001,US Dollar / Swiss Franc
2025-10-21T15:54:17.246097,AUD/USD,AUD,USD,0.651,0.0001,Australian Dollar / US Dollar
2025-10-21T15:54:18.447216,USD/CAD,USD,CAD,1.4,0.0001,US Dollar / Canadian Dollar
2025-10-21T15:54:19.610393,NZD/USD,NZD,USD,0.574,0.0001,New Zealand Dollar / US Dollar
2025-10-21T15:54:20.825582,EUR/GBP,EUR,GBP,0.869,0.0001,Euro / British Pound
2025-10-21T15:54:21.992805,EUR/JPY,EUR,JPY,175.58,0.01,Euro / Japanese Yen
2025-10-21T15:54:23.185467,GBP/JPY,GBP,JPY,202.1,0.01,British Pound / Japanese Yen
2025-10-21T15:55:24.423553,EUR/USD,EUR,USD,1.16,0.0001,Euro / US Dollar
2025-10-21T15:55:25.617392,GBP/USD,GBP,USD,1.34,0.0001,British Pound / US Dollar
2025-10-21T15:55:26.880155,USD/JPY,USD,JPY,150.7,0.01,US Dollar / Japanese Yen
2025-10-21T15:55:28.195284,USD/CHF,USD,CHF,0.793,0.0001,US Dollar / Swiss Franc
2025-10-21T15:55:29.395683,AUD/USD,AUD,USD,0.651,0.0001,Australian Dollar / US Dollar
2025-10-21T15:55:30.597153,USD/CAD,USD,CAD,1.4,0.0001,US Dollar / Canadian Dollar
2025-10-21T15:55:31.793119,NZD/USD,NZD,USD,0.574,0.0001,New Zealand Dollar / US Dollar
2025-10-21T15:55:33.009687,EUR/GBP,EUR,GBP,0.869,0.0001,Euro / British Pound
2025-10-21T15:55:34.232969,EUR/JPY,EUR,JPY,175.58,0.01,Euro / Japanese Yen
2025-10-21T15:55:35.399097,GBP/JPY,GBP,JPY,202.1,0.01,British Pound / Japanese Yen
2025-10-21T15:56:36.584805,EUR/USD,EUR,USD,1.16,0.0001,Euro / US Dollar
2025-10-21T15:56:37.770932,GBP/USD,GBP,USD,1.34,0.0001,British Pound / US Dollar
2025-10-21T15:56:38.970542,USD/JPY,USD,JPY,150.7,0.01,US Dollar / Japanese Yen
2025-10-21T15:56:40.115613,USD/CHF,USD,CHF,0.793,0.0001,US Dollar / Swiss Franc
2025-10-21T15:56:41.275091,AUD/USD,AUD,USD,0.651,0.0001,Australian Dollar / US Dollar
2025-10-21T15:56:42.458979,USD/CAD,USD,CAD,1.4,0.0001,US Dollar / Canadian Dollar
2025-10-21T15:56:43.778937,NZD/USD,NZD,USD,0.574,0.0001,New Zealand Dollar / US Dollar
2025-10-21T15:56:44.944867,EUR/GBP,EUR,GBP,0.869,0.0001,Euro / British Pound
2025-10-21T15:56:46.133241,EUR/JPY,EUR,JPY,175.58,0.01,Euro / Japanese Yen
2025-10-21T15:56:47.296461,GBP/JPY,GBP,JPY,202.1,0.01,British Pound / Japanese Yen
2025-10-21T15:57:48.703332,EUR/USD,EUR,USD,1.16,0.0001,Euro / US Dollar
2025-10-21T15:57:49.881472,GBP/USD,GBP,USD,1.34,0.0001,British Pound / US Dollar
2025-10-21T15:57:51.097873,USD/JPY,USD,JPY,150.7,0.01,US Dollar / Japanese Yen
2025-10-21T15:57:52.294739,USD/CHF,USD,CHF,0.793,0.0001,US Dollar / Swiss Franc
2025-10-21T15:57:53.501791,AUD/USD,AUD,USD,0.651,0.0001,Australian Dollar / US Dollar
2025-10-21T15:57:54.693057,USD/CAD,USD,CAD,1.4,0.0001,US Dollar / Canadian Dollar
2025-10-21T15:57:55.882793,NZD/USD,NZD,USD,0.574,0.0001,New Zealand Dollar / US Dollar
2025-10-21T15:57:57.074681,EUR/GBP,EUR,GBP,0.869,0.0001,Euro / British Pound
2025-10-21T15:57:58.316864,EUR/JPY,EUR,JPY,175.58,0.01,Euro / Japanese Yen
2025-10-21T15:57:59.561633,GBP/JPY,GBP,JPY,202.1,0.01,British Pound / Japanese Yen
2025-10-21T15:59:00.775051,EUR/USD,EUR,USD,1.16,0.0001,Euro / US Dollar
2025-10-21T15:59:01.981132,GBP/USD,GBP,USD,1.34,0.0001,British Pound / US Dollar
2025-10-21T15:59:03.190668,USD/JPY,USD,JPY,150.7,0.01,US Dollar / Japanese Yen
2025-10-21T15:59:04.384384,USD/CHF,USD,CHF,0.793,0.0001,US Dollar / Swiss Franc
2025-10-21T15:59:05.568619,AUD/USD,AUD,USD,0.651,0.0001,Australian Dollar / US Dollar
2025-10-21T15:59:06.842180,USD/CAD,USD,CAD,1.4,0.0001,US Dollar / Canadian Dollar
2025-10-21T15:59:08.066146,NZD/USD,NZD,USD,0.574,0.0001,New Zealand Dollar / US Dollar
2025-10-21T15:59:09.303927,EUR/GBP,EUR,GBP,0.869,0.0001,Euro / British Pound
2025-10-21T15:59:10.537460,EUR/JPY,EUR,JPY,175.58,0.01,Euro / Japanese Yen
2025-10-21T15:59:11.762609,GBP/JPY,GBP,JPY,202.1,0.01,British Pound / Japanese Yen
2025-10-21T16:00:13.008962,EUR/USD,EUR,USD,1.16,0.0001,Euro / US Dollar
2025-10-21T16:00:14.217488,GBP/USD,GBP,USD,1.34,0.0001,British Pound / US Dollar
2025-10-21T16:00:15.421881,USD/JPY,USD,JPY,150.7,0.01,US Dollar / Japanese Yen
2025-10-21T16:00:16.674803,USD/CHF,USD,CHF,0.793,0.0001,US Dollar / Swiss Franc
2025-10-21T16:00:17.998737,AUD/USD,AUD,USD,0.651,0.0001,Australian Dollar / US Dollar
2025-10-21T16:00:19.237281,USD/CAD,USD,CAD,1.4,0.0001,US Dollar / Canadian Dollar
2025-10-21T16:00:20.473776,NZD/USD,NZD,USD,0.574,0.0001,New Zealand Dollar / US Dollar
2025-10-21T16:00:21.707998,EUR/GBP,EUR,GBP,0.869,0.0001,Euro / British Pound
2025-10-21T16:00:22.902630,EUR/JPY,EUR,JPY,175.58,0.01,Euro / Japanese Yen
2025-10-21T16:00:24.135445,GBP/JPY,GBP,JPY,202.1,0.01,British Pound / Japanese Yen
2025-10-21T16:01:25.372295,EUR/USD,EUR,USD,1.16,0.0001,Euro / US Dollar
2025-10-21T16:01:26.547539,GBP/USD,GBP,USD,1.34,0.0001,British Pound / US Dollar
2025-10-21T16:01:27.761715,USD/JPY,USD,JPY,150.7,0.01,US Dollar / Japanese Yen
2025-10-21T16:01:28.973128,USD/CHF,USD,CHF,0.793,0.0001,US Dollar / Swiss Franc
2025-10-21T16:01:30.188973,AUD/USD,AUD,USD,0.651,0.0001,Australian Dollar / US Dollar
2025-10-21T16:01:31.391723,USD/CAD,USD,CAD,1.4,0.0001,US Dollar / Canadian Dollar
2025-10-21T16:01:32.543438,NZD/USD,NZD,USD,0.574,0.0001,New Zealand Dollar / US Dollar
2025-10-21T16:01:33.780479,EUR/GBP,EUR,GBP,0.869,0.0001,Euro / British Pound
2025-10-21T16:01:34.962313,EUR/JPY,EUR,JPY,175.58,0.01,Euro / Japanese Yen
2025-10-21T16:01:36.235720,GBP/JPY,GBP,JPY,202.1,0.01,British Pound / Japanese Yen
2025-10-21T16:02:37.424349,EUR/USD,EUR,USD,1.16,0.0001,Euro / US Dollar
2025-10-21T16:02:38.611951,GBP/USD,GBP,USD,1.34,0.0001,British Pound / US Dollar
2025-10-21T16:02:39.814872,USD/JPY,USD,JPY,150.7,0.01,US Dollar / Japanese Yen
2025-10-21T16:02:41.036872,USD/CHF,USD,CHF,0.793,0.0001,US Dollar / Swiss Franc
2025-10-21T16:02:42.206406,AUD/USD,AUD,USD,0.651,0.0001,Australian Dollar / US Dollar
2025-10-21T16:02:43.388004,USD/CAD,USD,CAD,1.4,0.0001,US Dollar / Canadian Dollar
2025-10-21T16:02:44.695146,NZD/USD,NZD,USD,0.574,0.0001,New Zealand Dollar / US Dollar
2025-10-21T16:02:45.863591,EUR/GBP,EUR,GBP,0.869,0.0001,Euro / British Pound
2025-10-21T16:02:47.083826,EUR/JPY,EUR,JPY,175.58,0.01,Euro / Japanese Yen
2025-10-21T16:02:48.421372,GBP/JPY,GBP,JPY,202.1,0.01,British Pound / Japanese Yen
2025-10-21T16:03:49.663675,EUR/USD,EUR,USD,1.16,0.0001,Euro / US Dollar
2025-10-21T16:03:50.953296,GBP/USD,GBP,USD,1.34,0.0001,British Pound / US Dollar
2025-10-21T16:03:52.198046,USD/JPY,USD,JPY,150.7,0.01,US Dollar / Japanese Yen
2025-10-21T16:03:53.451557,USD/CHF,USD,CHF,0.793,0.0001,US Dollar / Swiss Franc
2025-10-21T16:03:54.671519,AUD/USD,AUD,USD,0.651,0.0001,Australian Dollar / US Dollar
2025-10-21T16:03:55.865081,USD/CAD,USD,CAD,1.4,0.0001,US Dollar / Canadian Dollar
2025-10-21T16:03:57.143161,NZD/USD,NZD,USD,0.574,0.0001,New Zealand Dollar / US Dollar
2025-10-21T16:03:58.474391,EUR/GBP,EUR,GBP,0.869,0.0001,Euro / British Pound
2025-10-21T16:03:59.727293,EUR/JPY,EUR,JPY,175.58,0.01,Euro / Japanese Yen
2025-10-21T16:04:01.034724,GBP/JPY,GBP,JPY,202.1,0.01,British Pound / Japanese Yen
2025-10-21T16:05:02.356791,EUR/USD,EUR,USD,1.16,0.0001,Euro / US Dollar
2025-10-21T16:05:03.622449,GBP/USD,GBP,USD,1.34,0.0001,British Pound / US Dollar
2025-10-21T16:05:04.794886,USD/JPY,USD,JPY,150.7,0.01,US Dollar / Japanese Yen
2025-10-21T16:05:05.985329,USD/CHF,USD,CHF,0.793,0.0001,US Dollar / Swiss Franc
2025-10-21T16:05:07.179109,AUD/USD,AUD,USD,0.651,0.0001,Australian Dollar / US Dollar
2025-10-21T16:05:08.397462,USD/CAD,USD,CAD,1.4,0.0001,US Dollar / Canadian Dollar
2025-10-21T16:05:09.638680,NZD/USD,NZD,USD,0.574,0.0001,New Zealand Dollar / US Dollar
2025-10-21T16:05:10.819811,EUR/GBP,EUR,GBP,0.869,0.0001,Euro / British Pound
2025-10-21T16:05:12.009545,EUR/JPY,EUR,JPY,175.58,0.01,Euro / Japanese Yen
2025-10-21T16:05:13.236108,GBP/JPY,GBP,JPY,202.1,0.01,British Pound / Japanese Yen
2025-10-21T16:06:14.557699,EUR/USD,EUR,USD,1.16,0.0001,Euro / US Dollar
2025-10-21T16:06:15.768421,GBP/USD,GBP,USD,1.34,0.0001,British Pound / US Dollar
2025-10-21T16:06:16.947818,USD/JPY,USD,JPY,150.7,0.01,US Dollar / Japanese Yen
2025-10-21T16:06:18.239758,USD/CHF,USD,CHF,0.793,0.0001,US Dollar / Swiss Franc
2025-10-21T16:06:19.438412,AUD/USD,AUD,USD,0.651,0.0001,Australian Dollar / US Dollar
2025-10-21T16:06:20.617876,USD/CAD,USD,CAD,1.4,0.0001,US Dollar / Canadian Dollar
2025-10-21T16:06:21.816536,NZD/USD,NZD,USD,0.574,0.0001,New Zealand Dollar / US Dollar
2025-10-21T16:06:23.015661,EUR/GBP,EUR,GBP,0.869,0.0001,Euro / British Pound
2025-10-21T16:06:24.211625,EUR/JPY,EUR,JPY,175.58,0.01,Euro / Japanese Yen
2025-10-21T16:06:25.403438,GBP/JPY,GBP,JPY,202.1,0.01,British Pound / Japanese Yen
2025-10-21T16:07:26.577907,EUR/USD,EUR,USD,1.16,0.0001,Euro / US Dollar
2025-10-21T16:07:27.810445,GBP/USD,GBP,USD,1.34,0.0001,British Pound / US Dollar
2025-10-21T16:07:29.022593,USD/JPY,USD,JPY,150.7,0.01,US Dollar / Japanese Yen
2025-10-21T16:07:30.209253,USD/CHF,USD,CHF,0.793,0.0001,US Dollar / Swiss Franc
2025-10-21T16:07:31.406026,AUD/USD,AUD,USD,0.651,0.0001,Australian Dollar / US Dollar
2025-10-21T16:07:32.653134,USD/CAD,USD,CAD,1.4,0.0001,US Dollar / Canadian Dollar
2025-10-21T16:07:33.845396,NZD/USD,NZD,USD,0.574,0.0001,New Zealand Dollar / US Dollar
2025-10-21T16:07:35.063631,EUR/GBP,EUR,GBP,0.869,0.0001,Euro / British Pound
2025-10-21T16:07:36.308918,EUR/JPY,EUR,JPY,175.58,0.01,Euro / Japanese Yen
2025-10-21T16:07:37.618189,GBP/JPY,GBP,JPY,202.1,0.01,British Pound / Japanese Yen
2025-10-21T16:08:38.939275,EUR/USD,EUR,USD,1.16,0.0001,Euro / US Dollar
2025-10-21T16:08:40.157936,GBP/USD,GBP,USD,1.34,0.0001,British Pound / US Dollar
2025-10-21T16:08:41.403140,USD/JPY,USD,JPY,150.7,0.01,US Dollar / Japanese Yen
2025-10-21T16:08:42.631281,USD/CHF,USD,CHF,0.793,0.0001,US Dollar / Swiss Franc
2025-10-21T16:08:43.828864,AUD/USD,AUD,USD,0.651,0.0001,Australian Dollar / US Dollar
2025-10-21T16:08:45.021402,USD/CAD,USD,CAD,1.4,0.0001,US Dollar / Canadian Dollar
2025-10-21T16:08:46.234639,NZD/USD,NZD,USD,0.574,0.0001,New Zealand Dollar / US Dollar
2025-10-21T16:08:47.435281,EUR/GBP,EUR,GBP,0.869,0.0001,Euro / British Pound
2025-10-21T16:08:48.675918,EUR/JPY,EUR,JPY,175.58,0.01,Euro / Japanese Yen
2025-10-21T16:08:49.905059,GBP/JPY,GBP,JPY,202.1,0.01,British Pound / Japanese Yen
2025-10-21T16:09:51.134393,EUR/USD,EUR,USD,1.16,0.0001,Euro / US Dollar
2025-10-21T16:09:52.310403,GBP/USD,GBP,USD,1.34,0.0001,British Pound / US Dollar
2025-10-21T16:09:53.481474,USD/JPY,USD,JPY,150.7,0.01,US Dollar / Japanese Yen
2025-10-21T16:09:54.722283,USD/CHF,USD,CHF,0.793,0.0001,US Dollar / Swiss Franc
2025-10-21T16:09:55.953271,AUD/USD,AUD,USD,0.651,0.0001,Australian Dollar / US Dollar
2025-10-21T16:09:57.285947,USD/CAD,USD,CAD,1.4,0.0001,US Dollar / Canadian Dollar
2025-10-21T16:09:58.480247,NZD/USD,NZD,USD,0.574,0.0001,New Zealand Dollar / US Dollar
2025-10-21T16:09:59.667634,EUR/GBP,EUR,GBP,0.869,0.0001,Euro / British Pound
2025-10-21T16:10:00.868267,EUR/JPY,EUR,JPY,175.58,0.01,Euro / Japanese Yen
2025-10-21T16:10:02.091113,GBP/JPY,GBP,JPY,202.1,0.01,British Pound / Japanese Yen
2025-10-21T16:11:03.307085,EUR/USD,EUR,USD,1.16,0.0001,Euro / US Dollar
2025-10-21T16:11:04.555476,GBP/USD,GBP,USD,1.34,0.0001,British Pound / US Dollar
2025-10-21T16:11:05.730015,USD/JPY,USD,JPY,150.7,0.01,US Dollar / Japanese Yen
2025-10-21T16:11:07.010429,USD/CHF,USD,CHF,0.793,0.0001,US Dollar / Swiss Franc
2025-10-21T16:11:08.245384,AUD/USD,AUD,USD,0.651,0.0001,Australian Dollar / US Dollar
2025-10-21T16:11:09.429088,USD/CAD,USD,CAD,1.4,0.0001,US Dollar / Canadian Dollar
2025-10-21T16:11:10.591997,NZD/USD,NZD,USD,0.574,0.0001,New Zealand Dollar / US Dollar
2025-10-21T16:11:11.772611,EUR/GBP,EUR,GBP,0.869,0.0001,Euro / British Pound
2025-10-21T16:11:12.960394,EUR/JPY,EUR,JPY,175.58,0.01,Euro / Japanese Yen
2025-10-21T16:11:14.182238,GBP/JPY,GBP,JPY,202.1,0.01,British Pound / Japanese Yen
2025-10-21T16:12:15.399194,EUR/USD,EUR,USD,1.16,0.0001,Euro / US Dollar
2025-10-21T16:12:16.599390,GBP/USD,GBP,USD,1.34,0.0001,British Pound / US Dollar
2025-10-21T16:12:17.786475,USD/JPY,USD,JPY,150.7,0.01,US Dollar / Japanese Yen
2025-10-21T16:12:19.000657,USD/CHF,USD,CHF,0.793,0.0001,US Dollar / Swiss Franc
2025-10-21T16:12:20.222399,AUD/USD,AUD,USD,0.651,0.0001,Australian Dollar / US Dollar
2025-10-21T16:12:21.468429,USD/CAD,USD,CAD,1.4,0.0001,US Dollar / Canadian Dollar
2025-10-21T16:12:22.656568,NZD/USD,NZD,USD,0.574,0.0001,New Zealand Dollar / US Dollar
2025-10-21T16:12:23.919250,EUR/GBP,EUR,GBP,0.869,0.0001,Euro / British Pound
2025-10-21T16:12:25.075384,EUR/JPY,EUR,JPY,175.58,0.01,Euro / Japanese Yen
2025-10-21T16:12:26.252635,GBP/JPY,GBP,JPY,202.1,0.01,British Pound / Japanese Yen
2025-10-21T16:13:27.462349,EUR/USD,EUR,USD,1.16,0.0001,Euro / US Dollar
2025-10-21T16:13:28.740664,GBP/USD,GBP,USD,1.34,0.0001,British Pound / US Dollar
2025-10-21T16:13:29.964779,USD/JPY,USD,JPY,150.7,0.01,US Dollar / Japanese Yen
2025-10-21T16:13:31.192521,USD/CHF,USD,CHF,0.793,0.0001,US Dollar / Swiss Franc
2025-10-21T16:13:32.425646,AUD/USD,AUD,USD,0.651,0.0001,Australian Dollar / US Dollar
2025-10-21T16:13:33.644704,USD/CAD,USD,CAD,1.4,0.0001,US Dollar / Canadian Dollar
2025-10-21T16:13:34.829137,NZD/USD,NZD,USD,0.574,0.0001,New Zealand Dollar / US Dollar
2025-10-21T16:13:36.008421,EUR/GBP,EUR,GBP,0.869,0.0001,Euro / British Pound
2025-10-21T16:13:37.238394,EUR/JPY,EUR,JPY,175.58,0.01,Euro / Japanese Yen
2025-10-21T16:13:38.459636,GBP/JPY,GBP,JPY,202.1,0.01,British Pound / Japanese Yen
2025-10-21T16:14:39.677972,EUR/USD,EUR,USD,1.16,0.0001,Euro / US Dollar
2025-10-21T16:14:40.895307,GBP/USD,GBP,USD,1.34,0.0001,British Pound / US Dollar
2025-10-21T16:14:42.164131,USD/JPY,USD,JPY,150.7,0.01,US Dollar / Japanese Yen
2025-10-21T16:14:43.389702,USD/CHF,USD,CHF,0.793,0.0001,US Dollar / Swiss Franc
2025-10-21T16:14:44.716964,AUD/USD,AUD,USD,0.651,0.0001,Australian Dollar / US Dollar
2025-10-21T16:14:46.049929,USD/CAD,USD,CAD,1.4,0.0001,US Dollar / Canadian Dollar
2025-10-21T16:14:47.239685,NZD/USD,NZD,USD,0.574,0.0001,New Zealand Dollar / US Dollar
2025-10-21T16:14:48.414708,EUR/GBP,EUR,GBP,0.869,0.0001,Euro / British Pound
2025-10-21T16:14:49.643315,EUR/JPY,EUR,JPY,175.58,0.01,Euro / Japanese Yen
2025-10-21T16:14:50.815503,GBP/JPY,GBP,JPY,202.1,0.01,British Pound / Japanese Yen
2025-10-21T16:15:52.036072,EUR/USD,EUR,USD,1.16,0.0001,Euro / US Dollar
2025-10-21T16:15:53.232795,GBP/USD,GBP,USD,1.34,0.0001,British Pound / US Dollar
2025-10-21T16:15:54.440838,USD/JPY,USD,JPY,150.7,0.01,US Dollar / Japanese Yen
2025-10-21T16:15:55.603810,USD/CHF,USD,CHF,0.793,0.0001,US Dollar / Swiss Franc
2025-10-21T16:15:56.773807,AUD/USD,AUD,USD,0.651,0.0001,Australian Dollar / US Dollar
2025-10-21T16:15:57.935871,USD/CAD,USD,CAD,1.4,0.0001,US Dollar / Canadian Dollar
2025-10-21T16:15:59.164463,NZD/USD,NZD,USD,0.574,0.0001,New Zealand Dollar / US Dollar
2025-10-21T16:16:00.380790,EUR/GBP,EUR,GBP,0.869,0.0001,Euro / British Pound
2025-10-21T16:16:01.623150,EUR/JPY,EUR,JPY,175.58,0.01,Euro / Japanese Yen
2025-10-21T16:16:02.809422,GBP/JPY,GBP,JPY,202.1,0.01,British Pound / Japanese Yen
2025-10-21T16:17:04.011541,EUR/USD,EUR,USD,1.16,0.0001,Euro / US Dollar
2025-10-21T16:17:05.203621,GBP/USD,GBP,USD,1.34,0.0001,British Pound / US Dollar
2025-10-21T16:17:06.437646,USD/JPY,USD,JPY,150.7,0.01,US Dollar / Japanese Yen
2025-10-21T16:17:07.759922,USD/CHF,USD,CHF,0.793,0.0001,US Dollar / Swiss Franc
2025-10-21T16:17:09.001259,AUD/USD,AUD,USD,0.651,0.0001,Australian Dollar / US Dollar
2025-10-21T16:17:10.228662,USD/CAD,USD,CAD,1.4,0.0001,US Dollar / Canadian Dollar
2025-10-21T16:17:11.411211,NZD/USD,NZD,USD,0.574,0.0001,New Zealand Dollar / US Dollar
2025-10-21T16:17:12.574656,EUR/GBP,EUR,GBP,0.869,0.0001,Euro / British Pound
2025-10-21T16:17:13.810334,EUR/JPY,EUR,JPY,175.58,0.01,Euro / Japanese Yen
2025-10-21T16:17:15.045489,GBP/JPY,GBP,JPY,202.1,0.01,British Pound / Japanese Yen
2025-10-21T16:18:16.364828,EUR/USD,EUR,USD,1.16,0.0001,Euro / US Dollar
2025-10-21T16:18:17.712239,GBP/USD,GBP,USD,1.34,0.0001,British Pound / US Dollar
2025-10-21T16:18:18.941729,USD/JPY,USD,JPY,150.7,0.01,US Dollar / Japanese Yen
2025-10-21T16:18:20.190548,USD/CHF,USD,CHF,0.793,0.0001,US Dollar / Swiss Franc
2025-10-21T16:18:21.417793,AUD/USD,AUD,USD,0.651,0.0001,Australian Dollar / US Dollar
2025-10-21T16:18:22.627842,USD/CAD,USD,CAD,1.4,0.0001,US Dollar / Canadian Dollar
2025-10-21T16:18:23.844417,NZD/USD,NZD,USD,0.574,0.0001,New Zealand Dollar / US Dollar
2025-10-21T16:18:25.076245,EUR/GBP,EUR,GBP,0.869,0.0001,Euro / British Pound
2025-10-21T16:18:26.309531,EUR/JPY,EUR,JPY,175.58,0.01,Euro / Japanese Yen
2025-10-21T16:18:27.485983,GBP/JPY,GBP,JPY,202.1,0.01,British Pound / Japanese Yen
2025-10-21T16:19:28.759269,EUR/USD,EUR,USD,1.16,0.0001,Euro / US Dollar
2025-10-21T16:19:29.955067,GBP/USD,GBP,USD,1.34,0.0001,British Pound / US Dollar
2025-10-21T16:19:31.227776,USD/JPY,USD,JPY,150.7,0.01,US Dollar / Japanese Yen
2025-10-21T16:19:32.455812,USD/CHF,USD,CHF,0.793,0.0001,US Dollar / Swiss Franc
2025-10-21T16:19:33.695040,AUD/USD,AUD,USD,0.651,0.0001,Australian Dollar / US Dollar
2025-10-21T16:19:34.921268,USD/CAD,USD,CAD,1.4,0.0001,US Dollar / Canadian Dollar
2025-10-21T16:19:36.253242,NZD/USD,NZD,USD,0.574,0.0001,New Zealand Dollar / US Dollar
2025-10-21T16:19:37.465046,EUR/GBP,EUR,GBP,0.869,0.0001,Euro / British Pound
2025-10-21T16:19:38.709730,EUR/JPY,EUR,JPY,175.58,0.01,Euro / Japanese Yen
2025-10-21T16:19:39.935991,GBP/JPY,GBP,JPY,202.1,0.01,British Pound / Japanese Yen
2025-10-21T16:20:41.184328,EUR/USD,EUR,USD,1.16,0.0001,Euro / US Dollar
2025-10-21T16:20:42.390928,GBP/USD,GBP,USD,1.34,0.0001,British Pound / US Dollar
2025-10-21T16:20:43.562306,USD/JPY,USD,JPY,150.7,0.01,US Dollar / Japanese Yen
2025-10-21T16:20:44.781614,USD/CHF,USD,CHF,0.793,0.0001,US Dollar / Swiss Franc
2025-10-21T16:20:45.988551,AUD/USD,AUD,USD,0.651,0.0001,Australian Dollar / US Dollar
2025-10-21T16:20:47.190090,USD/CAD,USD,CAD,1.4,0.0001,US Dollar / Canadian Dollar
2025-10-21T16:20:48.358260,NZD/USD,NZD,USD,0.574,0.0001,New Zealand Dollar / US Dollar
2025-10-21T16:20:49.570659,EUR/GBP,EUR,GBP,0.869,0.0001,Euro / British Pound
2025-10-21T16:20:50.803008,EUR/JPY,EUR,JPY,175.58,0.01,Euro / Japanese Yen
2025-10-21T16:20:51.991981,GBP/JPY,GBP,JPY,202.1,0.01,British Pound / Japanese Yen
2025-10-21T16:21:53.198897,EUR/USD,EUR,USD,1.16,0.0001,Euro / US Dollar
2025-10-21T16:21:54.380949,GBP/USD,GBP,USD,1.34,0.0001,British Pound / US Dollar
2025-10-21T16:21:55.535223,USD/JPY,USD,JPY,150.7,0.01,US Dollar / Japanese Yen
2025-10-21T16:21:56.745259,USD/CHF,USD,CHF,0.793,0.0001,US Dollar / Swiss Franc
2025-10-21T16:21:57.958064,AUD/USD,AUD,USD,0.651,0.0001,Australian Dollar / US Dollar
2025-10-21T16:21:59.156087,USD/CAD,USD,CAD,1.4,0.0001,US Dollar / Canadian Dollar
2025-10-21T16:22:00.386049,NZD/USD,NZD,USD,0.574,0.0001,New Zealand Dollar / US Dollar
2025-10-21T16:22:01.599417,EUR/GBP,EUR,GBP,0.869,0.0001,Euro / British Pound
2025-10-21T16:22:02.798306,EUR/JPY,EUR,JPY,175.58,0.01,Euro / Japanese Yen
2025-10-21T16:22:03.974537,GBP/JPY,GBP,JPY,202.1,0.01,British Pound / Japanese Yen
2025-10-21T16:23:05.170905,EUR/USD,EUR,USD,1.16,0.0001,Euro / US Dollar
2025-10-21T16:23:06.370453,GBP/USD,GBP,USD,1.34,0.0001,British Pound / US Dollar
2025-10-21T16:25:03.083231,EUR/JPY,EUR,JPY,175.58,0.01,Euro / Japanese Yen
2025-10-21T16:25:04.433126,GBP/JPY,GBP,JPY,202.1,0.01,British Pound / Japanese Yen
2025-10-21T16:26:05.783034,EUR/USD,EUR,USD,1.16,0.0001,Euro / US Dollar
2025-10-21T16:26:06.998884,GBP/USD,GBP,USD,1.34,0.0001,British Pound / US Dollar
2025-10-21T16:26:08.167087,USD/JPY,USD,JPY,150.7,0.01,US Dollar / Japanese Yen
2025-10-21T16:26:09.467566,USD/CHF,USD,CHF,0.793,0.0001,US Dollar / Swiss Franc
2025-10-21T16:26:10.802948,AUD/USD,AUD,USD,0.651,0.0001,Australian Dollar / US Dollar
2025-10-21T16:26:12.136769,USD/CAD,USD,CAD,1.4,0.0001,US Dollar / Canadian Dollar
2025-10-21T16:26:13.360840,NZD/USD,NZD,USD,0.574,0.0001,New Zealand Dollar / US Dollar
2025-10-21T16:26:14.517021,EUR/GBP,EUR,GBP,0.869,0.0001,Euro / British Pound
2025-10-21T16:26:15.817328,EUR/JPY,EUR,JPY,175.58,0.01,Euro / Japanese Yen
2025-10-21T16:26:17.157303,GBP/JPY,GBP,JPY,202.1,0.01,British Pound / Japanese Yen
2025-10-21T16:27:18.384205,EUR/USD,EUR,USD,1.16,0.0001,Euro / US Dollar
2025-10-21T16:27:19.596357,GBP/USD,GBP,USD,1.34,0.0001,British Pound / US Dollar
2025-10-21T16:27:20.765292,USD/JPY,USD,JPY,150.7,0.01,US Dollar / Japanese Yen
2025-10-21T16:27:22.070264,USD/CHF,USD,CHF,0.793,0.0001,US Dollar / Swiss Franc
2025-10-21T16:27:23.291810,AUD/USD,AUD,USD,0.651,0.0001,Australian Dollar / US Dollar
2025-10-21T16:27:24.520158,USD/CAD,USD,CAD,1.4,0.0001,US Dollar / Canadian Dollar
2025-10-21T16:27:25.756621,NZD/USD,NZD,USD,0.574,0.0001,New Zealand Dollar / US Dollar
2025-10-21T16:27:26.934537,EUR/GBP,EUR,GBP,0.869,0.0001,Euro / British Pound
2025-10-21T16:27:28.113718,EUR/JPY,EUR,JPY,175.58,0.01,Euro / Japanese Yen
2025-10-21T16:27:29.341219,GBP/JPY,GBP,JPY,202.1,0.01,British Pound / Japanese Yen
2025-10-21T16:28:30.634137,EUR/USD,EUR,USD,1.16,0.0001,Euro / US Dollar
2025-10-21T16:28:31.820486,GBP/USD,GBP,USD,1.34,0.0001,British Pound / US Dollar
2025-10-21T16:28:33.035294,USD/JPY,USD,JPY,150.7,0.01,US Dollar / Japanese Yen
2025-10-21T16:28:34.371173,USD/CHF,USD,CHF,0.793,0.0001,US Dollar / Swiss Franc
2025-10-21T16:28:35.697897,AUD/USD,AUD,USD,0.651,0.0001,Australian Dollar / US Dollar
2025-10-21T16:28:36.925931,USD/CAD,USD,CAD,1.4,0.0001,US Dollar / Canadian Dollar
2025-10-21T16:28:38.134089,NZD/USD,NZD,USD,0.574,0.0001,New Zealand Dollar / US Dollar
2025-10-21T16:28:39.283207,EUR/GBP,EUR,GBP,0.869,0.0001,Euro / British Pound
2025-10-21T16:28:40.595999,EUR/JPY,EUR,JPY,175.58,0.01,Euro / Japanese Yen
2025-10-21T16:28:41.840268,GBP/JPY,GBP,JPY,202.1,0.01,British Pound / Japanese Yen
2025-10-21T16:29:43.123901,EUR/USD,EUR,USD,1.16,0.0001,Euro / US Dollar
2025-10-21T16:29:44.354927,GBP/USD,GBP,USD,1.34,0.0001,British Pound / US Dollar
2025-10-21T16:29:45.546408,USD/JPY,USD,JPY,150.7,0.01,US Dollar / Japanese Yen
2025-10-21T16:29:46.757880,USD/CHF,USD,CHF,0.793,0.0001,US Dollar / Swiss Franc
2025-10-21T16:29:47.985035,AUD/USD,AUD,USD,0.651,0.0001,Australian Dollar / US Dollar
2025-10-21T16:29:49.230614,USD/CAD,USD,CAD,1.4,0.0001,US Dollar / Canadian Dollar
2025-10-21T16:29:50.453569,NZD/USD,NZD,USD,0.574,0.0001,New Zealand Dollar / US Dollar
2025-10-21T16:29:51.685539,EUR/GBP,EUR,GBP,0.869,0.0001,Euro / British Pound
2025-10-21T16:29:52.917007,EUR/JPY,EUR,JPY,175.58,0.01,Euro / Japanese Yen
2025-10-21T16:29:54.156563,GBP/JPY,GBP,JPY,202.1,0.01,British Pound / Japanese Yen
2025-10-21T16:30:55.471472,EUR/USD,EUR,USD,1.16,0.0001,Euro / US Dollar
2025-10-21T16:30:56.710236,GBP/USD,GBP,USD,1.34,0.0001,British Pound / US Dollar
2025-10-21T16:30:57.973165,USD/JPY,USD,JPY,150.7,0.01,US Dollar / Japanese Yen
2025-10-21T16:30:59.183099,USD/CHF,USD,CHF,0.793,0.0001,US Dollar / Swiss Franc
2025-10-21T16:31:00.506959,AUD/USD,AUD,USD,0.651,0.0001,Australian Dollar / US Dollar
2025-10-21T16:31:01.764368,USD/CAD,USD,CAD,1.4,0.0001,US Dollar / Canadian Dollar
2025-10-21T16:31:02.964592,NZD/USD,NZD,USD,0.574,0.0001,New Zealand Dollar / US Dollar
2025-10-21T16:31:04.287722,EUR/GBP,EUR,GBP,0.869,0.0001,Euro / British Pound
2025-10-21T16:31:05.514020,EUR/JPY,EUR,JPY,175.58,0.01,Euro / Japanese Yen
2025-10-21T16:31:06.821292,GBP/JPY,GBP,JPY,202.1,0.01,British Pound / Japanese Yen
